,0,1,2,3,4,5,6,7,8,9,10,11,12,13,14,15,16,17,18,19,20,21,22
t1,10.318483,14.093459,0.87781805,-0.98781294,6.4255595,-0.06473419,10.283522,2.7247102,15.368686,-0.4217,-0.10045052,6.772691,3.6824589,0.8113348,4.6506433,0.53030896,19.146345,11.415,5.870149,21.0342,-0.8424904,13.142493,20.157955
t2,9.079798,13.440362,0.93026775,-1.0278208,6.8499293,-0.058992367,8.41433,4.234581,13.304712,-0.41181254,-0.022573989,7.797765,3.1301832,0.8050172,3.4923995,1.0780776,15.842305,11.854603,6.57775,19.199335,-0.81889164,11.068024,16.88129
t3,5.7019506,11.169283,1.066998,-1.0635118,8.578513,-0.049958877,3.4375823,8.418999,6.8682632,-0.3507684,1.2030193,10.547311,1.7485363,0.7561422,0.36298674,2.4914794,6.580756,12.8541155,8.168857,13.755196,-0.72318506,5.936,8.020092
t4,5.265805,10.765357,1.1220224,-1.0848888,8.689799,-0.05329688,2.8817239,9.065613,6.1958337,-0.3293698,1.6411494,10.858077,1.411567,0.7528044,0.24269843,2.7560172,5.727532,12.674199,8.328613,13.0044365,-0.7385444,5.330473,7.1121974
t5,5.9246407,11.514997,0.9736379,-1.1113195,8.89307,-0.050959095,3.5368805,8.552046,6.8268604,-0.3466496,1.5360954,11.065196,1.3453221,0.77923447,0.3012895,2.4455497,6.516311,13.49244,8.616404,13.816527,-0.7753021,6.0369396,7.680091
t6,6.4926047,11.815564,1.020032,-1.0696377,8.417423,-0.049436864,4.390716,7.6239805,8.04271,-0.37187052,0.88105494,10.220378,1.9917678,0.7733294,0.9330565,2.2501793,8.254102,13.078317,7.9943256,14.853655,-0.76048213,6.995018,9.603783
t7,6.522593,12.197221,0.85991514,-1.1274652,8.9447155,-0.047462326,4.2483354,7.9164877,7.648932,-0.37017485,1.1354812,11.010311,1.5255471,0.79970545,0.4739158,2.1223793,7.556906,14.020597,8.584968,14.773348,-0.79250866,6.812854,8.647597
t8,8.049247,13.003453,0.9790091,-1.0615909,7.7124386,-0.05487127,6.4160833,5.767986,10.683481,-0.39661956,0.22639483,8.958393,2.445526,0.80123734,2.3504455,1.5645514,12.340142,12.740218,7.3220425,17.12637,-0.8012121,9.209614,13.449271
t9,8.456256,13.317742,0.97871447,-1.0599838,7.4167852,-0.055698577,7.0761685,5.22159,11.504268,-0.4046159,0.061324537,8.541949,2.5609148,0.8071735,2.8154008,1.3460495,13.577823,12.485648,7.11053,17.805056,-0.8136958,9.833407,14.586098
t10,8.261491,13.554072,0.71589065,-1.1469266,8.230215,-0.05044764,6.405195,6.124931,10.584011,-0.39273176,0.521244,10.070725,1.8944658,0.82637006,1.7563384,1.4355212,11.599682,14.143727,8.285977,17.218216,-0.8509728,9.216603,12.251738
t11,9.024469,14.094402,0.688685,-1.14252,7.8781404,-0.053037778,7.3644786,5.159352,11.847218,-0.4046341,0.29088333,9.504066,2.0767896,0.8398902,2.3765604,1.0584073,13.514207,14.015759,8.005087,18.320585,-0.8617052,10.261568,14.074106
t12,1.4775426,6.363587,1.6512681,-0.8713938,7.367987,-0.042423412,-0.018854758,12.179434,3.184352,-0.21923016,2.5082917,9.469096,1.9111812,0.6128426,0.41636896,4.256772,1.0711061,6.7415624,6.953313,8.545332,-0.48102775,0.617932,3.849884
t13,9.850587,14.35933,0.7791946,-1.0257303,6.911697,-0.05943822,9.246374,3.5312397,14.149927,-0.4265046,-0.057374816,7.969233,3.0512364,0.82920724,3.7284153,0.7150935,17.09687,12.734916,6.9890785,20.075697,-0.83112705,11.938623,17.670124
t14,8.845195,13.74941,0.83121425,-1.048936,7.503845,-0.055186193,7.6385784,4.8914247,12.153437,-0.4130341,0.11713299,8.7981415,2.6048915,0.8144491,2.6686695,1.1603556,14.0651045,13.127805,7.5224314,18.45325,-0.8118253,10.345774,14.810585
t15,0.5803507,5.291397,1.7704618,-0.8475002,7.177611,-0.04631834,-0.03100842,11.78108,3.3325996,-0.2282116,2.273911,8.929938,2.6097293,0.5880929,0.23628783,4.4417386,1.2501378,5.647889,5.856989,8.565796,-0.40957868,0.43805033,4.575209
t16,4.014335,7.3628,2.148168,-0.7126759,4.829844,-0.06568576,3.5191145,7.197137,9.683613,-0.4043898,0.36908773,5.7073607,3.9597256,0.6113936,1.969666,3.2230573,10.056871,5.1837463,3.3743765,14.42695,-0.37611887,5.398691,13.382797
t17,9.555143,14.457956,0.658302,-1.1402446,7.648612,-0.05327928,8.186341,4.565488,12.641624,-0.40478182,0.12377268,9.199209,2.1298482,0.8385533,2.9601245,0.8263881,14.84064,13.965624,7.8506193,19.097078,-0.8958782,11.048853,15.186859
t18,9.890422,14.664384,0.683727,-1.138109,7.42567,-0.054987974,8.703409,4.1658006,13.2768755,-0.40816078,-0.0010426706,8.874765,2.2767704,0.8425067,3.335495,0.67786825,15.845641,13.798709,7.7004695,19.681005,-0.9009394,11.559019,16.15437
t19,0.23655176,4.6496887,2.6201146,-0.79292846,6.9928412,-0.065899424,0.63412404,11.040889,6.3380675,-0.40731004,1.5918864,8.430607,4.844371,0.64041525,-0.0061518587,5.083176,4.037002,4.9053597,3.8736484,12.191918,-0.29640433,1.3802887,10.183689
t20,17.272049,20.14961,1.2238861,-1.1708498,3.7547486,-0.084930144,21.25491,-0.07419419,29.962973,-0.517952,-0.39915434,3.0034564,6.2940483,1.1078048,11.861368,-0.6215881,41.57166,13.016269,5.186721,34.987656,-1.1001302,23.51849,41.261265
t21,0.04280563,4.056956,2.3146079,-0.98371375,8.320642,-0.05621479,-0.0112114195,14.1243925,4.104458,-0.28283045,2.7153242,10.41049,4.423081,0.6787105,0.0051954538,5.6337547,0.71258307,4.811582,5.7411366,10.080382,-0.32990107,-0.14777493,6.7522445
t22,0.0064530047,14.671116,1.9351811,-0.9536172,2.438413,3.042993,1.9127842,20.76802,-0.99625945,7.0905123,9.591897,7.3124404,-0.0628045,0.5338282,1.2087746,3.0184953,-0.8264928,7.3108773,6.9134192,-0.2716017,2.9762561,1.7142392,-1.1531328
t23,0.18526047,8.0284395,1.4579033,-0.6323767,3.3217034,0.7921396,0.51086175,12.7222595,-0.28820115,2.4117177,5.147134,6.2531495,0.19419943,0.3876421,0.21523663,2.6057599,-0.38018763,4.550578,5.1371145,0.7695201,-0.0034290345,0.71296924,-0.43794635
t24,0.009238567,14.252207,1.7824404,-0.8080466,1.2636006,3.3057156,2.1110315,19.265514,-1.0481951,7.2673755,8.862436,5.8208504,-0.062241737,0.45393193,1.2349654,2.3302355,-0.74103916,6.569757,6.0022116,-0.34764516,3.4297073,2.0253532,-1.154266
t25,0.0137278205,19.838173,2.1814091,-0.90146244,-0.06149093,5.665544,3.8006935,25.060085,-1.6651537,11.45019,11.932672,4.980427,-0.11398317,0.49183688,2.8404055,2.3146799,-0.9881877,8.160804,5.964835,-0.65656644,6.629892,3.7586067,-1.6669397
t26,2.0817327,4.5070624,2.7522728,-0.880081,6.8291874,-0.0930844,6.6125455,9.427699,12.792826,-0.43670762,1.0295756,7.0244703,8.806602,0.75745976,3.458001,6.0692506,13.828097,2.6284552,1.7924236,17.058743,-0.3252344,7.2651443,21.533663
t27,14.173888,17.676094,0.66843706,-1.1146606,5.683354,-0.07224182,16.408772,-0.017163146,22.791235,-0.4615589,-0.23593415,5.346037,5.108773,0.9728615,7.2498813,-0.16148975,29.848078,13.1276045,6.6382036,27.679222,-0.98916733,18.912292,30.147232
t28,13.731315,17.325596,0.6545307,-1.138225,5.994399,-0.07220623,15.534807,-0.0039441157,21.639359,-0.45895725,-0.21841317,5.9397674,4.767537,0.9587524,6.746866,-0.120151766,28.022474,13.23397,6.7442193,26.721651,-0.98927075,18.079338,28.427868
t29,0.78380126,2.6468768,2.6034987,-0.96956927,8.737316,-0.09321479,7.400045,11.770111,11.526687,-0.3700436,2.3069978,8.694524,10.038932,0.8150938,3.278754,8.142512,12.767715,2.4215655,2.1740959,14.958795,-0.33140403,7.227319,21.447853
t30,3.8338246,8.726037,4.7031956,-0.463179,1.1265572,-0.09753686,6.566755,2.8592448,21.227566,-0.84431213,-0.538195,1.4569299,9.768667,0.78936845,4.774048,1.363884,22.610128,0.0007732006,0.027183289,30.266289,-0.17407565,6.678941,31.985224
t31,0.75918394,6.4994206,4.570282,-0.5581275,3.3086178,-0.08236821,1.4676725,7.3315926,14.313804,-0.77767354,-0.3015302,4.374661,8.169421,0.73753035,1.1942661,2.5789325,12.123671,1.6541808,0.75711733,23.981739,-0.087460406,1.8123494,22.31424
t32,0.051905937,17.641998,1.7169005,-0.7830167,-0.30491894,6.730103,5.57333,21.554829,-1.7214216,12.599806,10.833863,1.7937247,-0.13174567,0.27282333,4.264845,1.1792303,-0.9270522,6.383176,1.7085773,-0.81235385,8.092519,4.926187,-1.7819626
t33,0.0022905162,20.378338,1.8828669,-0.9485394,-0.41626692,8.512101,7.1601954,26.094316,-2.0367904,15.404068,12.944529,1.620648,-0.13087098,0.2957446,6.1393685,1.660571,-1.0865794,7.613245,1.5244008,-0.9408231,9.888712,5.7276754,-2.1691158
t34,0.004726071,21.122772,1.9531016,-0.9686366,-0.4208199,8.71781,7.2858706,26.915821,-2.1004677,15.770072,13.312,1.7249119,-0.13354097,0.31310314,6.300988,1.710502,-1.1149288,7.800713,1.7240176,-0.96735406,10.128942,5.8574147,-2.2224889
t35,0.003291391,21.405878,2.0299363,-0.9117496,-0.33852807,7.8442006,6.2141924,26.114286,-2.0533183,14.868714,13.208965,2.3863943,-0.15506972,0.35366595,4.9775906,1.7376968,-1.082227,8.023902,2.60879,-0.95789576,9.696613,5.732892,-2.07247
t36,0.95428616,22.742086,2.0332468,-1.0288635,-0.4329881,8.877203,7.9613028,27.99289,-2.2071187,17.420813,14.778996,3.136591,-0.1619486,0.2764594,6.3645844,1.3398654,-1.2627549,8.476289,1.6449466,-1.0397314,10.4622555,6.381336,-2.3563375
t37,1.100051,21.607742,1.9349526,-0.9935246,-0.424642,8.539656,7.864111,26.520388,-2.1060395,16.879463,14.171764,3.0599098,-0.15486848,0.24295264,6.1985106,1.1127155,-1.2269014,7.97986,1.3048278,-0.99799067,9.927232,6.170806,-2.2764568
t38,0.014200863,21.684244,1.9972525,-0.9055925,-0.49532735,8.785036,6.4294953,26.324144,-2.1124694,15.77777,14.065608,0.44694212,-0.19561104,0.3135076,4.863364,2.0892339,-1.0953803,8.64517,1.3180649,-1.0283959,12.006832,6.54132,-2.2447
t39,6.1230683,6.9751406,2.6771283,-0.4328032,2.671224,0.09167831,2.9508462,9.574845,10.006114,-0.12120504,2.1939483,1.8048185,0.7340876,0.4156628,5.703276,3.3358083,12.444909,2.5485182,1.4126041,8.102241,-0.44423792,3.3313243,7.948656
t40,0.029837567,6.120852,0.8578101,-0.2598076,0.050755072,2.0395143,1.2356921,7.1355376,-0.58052677,2.4641125,2.2528582,0.1828886,-0.0063899485,0.18786313,0.15289575,0.21047303,-0.2905505,0.90647703,2.3198698,-0.25683045,1.255098,1.8179171,-0.5567296
t41,7.173642,7.543374,2.897175,-0.39399284,2.1088269,0.18180782,4.035168,9.241176,11.91427,-0.13235474,1.9797858,0.8305901,1.1649832,0.41506353,7.0121217,3.4777405,15.5599375,2.0896068,0.6741026,9.544375,-0.465664,4.796675,10.229187
t42,9.795745,8.368213,3.089771,-0.3620601,1.4155078,-0.0018092575,7.1095552,7.7662354,16.03731,-0.14422664,1.715929,0.07137362,1.9230314,0.437059,9.336093,3.5235882,21.63402,1.073251,0.017223777,12.185123,-0.5489374,7.8705645,15.5027075
t43,0.030816708,10.768344,1.2689807,-0.42962795,-0.05402468,3.5658169,2.2169821,12.92559,-0.9741457,5.3602242,5.159638,1.0176328,-0.036826476,0.27561155,1.1813304,0.6861174,-0.49702606,2.8951502,3.3651636,-0.4295568,3.260856,2.683523,-0.938187
t44,0.020445593,17.437603,1.806733,-0.9534776,-0.5615739,6.6772285,5.854683,22.891632,-1.9146504,14.429515,12.699065,0.026585588,-0.14823346,0.23821972,3.90005,2.5151396,-0.8701702,6.476195,0.5075133,-0.895297,11.688581,5.849783,-2.114601
t45,0.03663687,5.4564962,0.83493936,-0.23175052,0.0220396,1.8783361,0.9429786,6.1864552,-0.5183178,1.9753011,1.7361251,0.01565686,0.07283096,0.18389787,0.0061586797,0.09979215,-0.23464423,0.54630965,2.358361,-0.24492271,1.0283909,1.6500734,-0.4949836
t46,0.032316238,9.805869,1.1923352,-0.39360276,-0.044900812,3.2665043,1.9792747,11.697491,-0.8889939,4.730621,4.519372,0.78174186,-0.028748393,0.25858217,0.9711746,0.5760957,-0.44441876,2.440454,3.1853342,-0.39487916,2.8558996,2.5006077,-0.859428
t47,0.015124328,12.1313305,1.8861573,-0.6867159,-0.35450926,5.704937,5.917098,10.825575,-1.3693231,10.652727,7.353457,0.09117343,-0.12663314,0.09793935,2.4673932,-0.33801657,-0.67054427,2.3578281,0.014886458,-0.7812969,5.024775,4.35709,-1.5916815
t48,0.13948828,4.0549264,1.0140643,-0.32859856,-0.22430229,4.6020975,1.3095692,4.042452,-0.48612747,3.9777918,3.0675817,0.19261386,-0.20564838,0.10714086,-0.061265536,-0.1483717,-0.4118532,3.4117393,0.05483178,-0.3797709,5.477248,2.9985542,-0.7797556
t49,0.043739684,17.357096,1.715679,-0.98902595,-0.44554743,9.705671,7.7828736,26.54872,-1.9530765,14.245933,10.46273,0.017518992,-0.032628633,0.30849868,8.538367,1.5558522,-0.9596132,6.0740933,0.9881836,-0.8186032,9.075589,4.776074,-2.1671402
t50,0.0046607954,9.302598,1.1987329,-0.53443855,-0.24205141,4.251112,4.0806546,10.903565,-1.0680813,7.756987,5.8310056,0.105523475,-0.08864413,0.1046196,2.611676,-0.029308902,-0.5722353,2.7203698,0.008146791,-0.5421974,4.7049737,3.3157048,-1.166183
t51,0.033373244,16.200745,1.5823472,-0.51200134,-0.4841383,8.753885,4.3911695,18.240751,-1.5532265,11.432844,10.2138,0.16806497,-0.2527421,0.22330323,2.9481676,0.89852405,-0.8955809,7.414039,0.026763767,-0.8450877,11.646718,6.1197324,-1.7263147
t52,0.034259625,19.10675,1.7442207,-0.6098717,-0.5161029,9.494962,4.9407134,21.824562,-1.8040576,13.157997,11.971118,0.13491525,-0.26761058,0.26933113,3.52321,1.3434877,-1.0264794,8.646484,0.011911097,-0.95015454,12.798857,6.6888485,-1.9589111
t53,0.043954223,17.674995,1.738029,-0.9983478,-0.44660863,9.797345,7.8350134,26.921848,-1.9812695,14.453539,10.668535,0.013168905,-0.034899574,0.31532574,8.595391,1.6031499,-0.97601765,6.2207384,1.0577424,-0.82997173,9.208195,4.858033,-2.189401
t54,0.039672427,15.544695,1.5766408,-0.9369668,-0.42946947,9.191256,7.4828706,24.27826,-1.7892445,13.190393,9.376652,0.03838078,-0.0232837,0.26871827,8.230522,1.2927681,-0.87449795,5.3019357,0.49806434,-0.75068736,8.27456,4.3581295,-2.0381656
t55,2.0640445,1.7713245,2.409145,-1.0519922,9.191132,-0.1154471,13.527861,10.915778,16.737015,-0.32225767,2.6456368,7.8500056,13.48865,0.9132098,6.7597685,9.432651,21.37497,0.10367063,0.4967963,17.62469,-0.38349092,12.878805,31.2343
t56,0.322407,7.0239377,5.3067045,-0.48706296,2.29005,-0.08940862,0.48499033,6.5374594,16.265818,-0.8987066,-0.45444903,3.2099123,8.787938,0.7524863,0.6728252,1.5425915,12.973894,0.6717618,0.0048533953,27.306843,0.32765555,1.0053748,24.622654
t57,0.0088385185,12.871999,1.4008123,-0.6033169,-0.43217653,6.2280216,4.671267,15.251753,-1.3813365,10.588964,8.813164,0.06832973,-0.14801851,0.1476846,2.9237216,0.633868,-0.7497751,4.859637,0.01161121,-0.7064898,8.495995,4.778927,-1.5570617
t58,0.010687899,17.364132,1.7093623,-0.7560246,-0.46352804,7.473887,5.5420103,20.79801,-1.7538618,13.2156925,11.504825,0.020524241,-0.17200801,0.23261783,3.8314807,1.3613138,-0.9350582,6.7710147,0.4254661,-0.8737794,10.283935,5.6965694,-1.9010583
t59,0.028581878,14.357122,1.6264225,-0.8777392,-0.57084656,5.6707416,5.251162,19.449923,-1.7033993,12.848501,11.124582,0.061483845,-0.12926619,0.1777697,3.3521752,2.1294792,-0.72210824,5.1576605,0.0033494802,-0.7973789,10.803646,5.216773,-1.915537
t60,0.03207262,13.172554,1.5496249,-0.8302881,-0.56773037,5.4268384,5.072445,18.044594,-1.6014241,12.232476,10.439641,0.078046665,-0.12103462,0.15747045,3.1148288,1.965897,-0.6678037,4.6743207,0.009643966,-0.75506943,10.432807,5.003383,-1.8294667
t61,0.030255334,15.622844,1.4541892,-0.39977702,-0.49702054,9.263587,3.6932962,16.92419,-1.4333887,10.775602,9.836979,0.2306987,-0.29145986,0.21639036,2.749121,0.735785,-0.8701622,7.8423686,0.04244931,-0.8238257,12.216327,6.1365685,-1.5974029
t62,4.2903156,9.820174,5.574473,-0.4135657,-0.021140914,-0.10708055,6.4179068,1.4731966,24.92575,-0.990742,-0.7528099,0.034632806,10.614889,0.80911803,4.1263504,0.27866355,24.894773,0.076215476,0.050540816,34.969765,-0.022415852,6.5688124,35.44255
t63,0.009615432,5.3727336,1.0519675,-0.31792647,-0.25676134,5.0275097,1.5986723,5.372286,-0.5533786,4.504668,3.5907934,0.218993,-0.20618777,0.121582106,-0.01588523,-0.07538265,-0.43544573,3.8407612,0.056913346,-0.41166395,6.220535,3.4461372,-0.8703975
t64,0.017020894,10.777253,1.2668579,-0.37628102,-0.40405956,7.0558996,3.1904738,11.573322,-1.0520597,8.127928,6.8871694,0.22177935,-0.21595179,0.13869983,1.4764895,0.2910019,-0.6486229,5.2419496,0.049162757,-0.65251184,9.382719,5.0065374,-1.2917761
t65,0.02230028,12.027195,1.9529439,-0.7059009,-0.34496176,5.8510976,6.1594486,10.768409,-1.4005246,10.837668,7.334997,0.079766214,-0.12330707,0.09285721,2.4670236,-0.34718534,-0.62178415,2.2180986,0.016758975,-0.80909634,4.9021,4.4330416,-1.629728
t66,0.03418165,14.590532,1.8037271,-1.0735196,-0.6579086,5.086665,5.599684,21.29174,-1.8837347,14.257248,12.445645,0.07872576,-0.10886395,0.19628777,3.2893524,3.1451628,-0.7011345,5.0853605,0.10964076,-0.84733504,12.190839,5.421579,-2.1202414
t67,0.031069472,15.474799,1.5290571,-0.49040166,-0.4867994,8.576912,4.2135873,17.301054,-1.5001738,11.033154,9.747997,0.1806466,-0.25355804,0.2067227,2.8067493,0.6577753,-0.878193,7.115146,0.032877248,-0.8165848,11.423354,6.0289454,-1.6900166
t68,0.01092271,6.8766418,1.1525947,-0.34859127,-0.30571476,5.5287275,1.9782003,7.205429,-0.7075036,5.5590873,4.635492,0.20811322,-0.20535514,0.12644547,0.509026,-0.078318834,-0.52807593,4.2688313,0.05583515,-0.47729805,7.111863,3.91588,-0.9892508
t69,0.028510809,14.706358,2.1070714,-0.7859001,-0.36801028,6.558853,6.6894054,13.987131,-1.6222827,12.372828,8.915542,0.53867036,-0.13750568,0.13766891,2.9453757,-0.250337,-0.746656,3.3144155,0.003260591,-0.90726054,5.9388714,4.9831386,-1.827517
t70,5.1926036,0.4216184,0.27483445,-0.6186779,-0.1605583,1.7952727,6.1285596,0.08153306,-0.29065302,7.74214,3.3519273,3.9236467,-0.073344365,6.499264,2.6016424,-0.81311136,-0.73851854,0.019130986,0.09918359,-0.23411049,-0.13048947,2.43664,-0.84482706
t71,0.044234175,11.568563,1.329362,-0.888225,-0.4117393,8.9848795,7.236001,21.072283,-1.4700825,11.075467,6.623632,0.121226035,0.33835754,0.22207665,9.000129,0.762964,-0.6648664,3.5217288,0.013016608,-0.58680063,6.734306,3.201641,-1.8390114
t72,0.043231018,15.908895,1.5936873,-0.41873565,-0.51252145,9.445391,3.8167458,17.361565,-1.4791095,10.971666,9.779793,0.2252045,-0.2918029,0.23666368,2.6916742,0.5846325,-0.9126408,7.85059,0.041777022,-0.8209214,12.457872,6.490389,-1.6715461
t73,0.00866773,14.112954,2.300926,-0.8032573,-0.39129823,6.4887166,7.3026485,11.5460825,-1.6483374,12.5370655,8.574513,0.004710353,-0.13131332,0.10195036,2.5057092,-0.4135066,-0.74129844,2.255999,0.014010348,-0.9529595,4.9637537,5.122081,-1.8784922
t74,0.028938508,13.275707,1.3194804,-0.28584585,-0.4776663,8.845905,3.004467,13.988039,-1.2103282,9.268931,8.405476,0.26856875,-0.28814173,0.18424694,1.957135,0.3564419,-0.7623888,7.157471,0.053160034,-0.74776185,11.625241,5.7304225,-1.3725586
t75,0.024295501,12.5429,1.476057,-0.8324633,-0.57170063,5.0179415,4.9646683,17.354595,-1.5453136,11.919314,10.141551,0.08558,-0.1171372,0.15004496,2.8791668,2.0747755,-0.65128654,4.3461747,0.0099626845,-0.7153043,10.235813,4.9350624,-1.8061666
t76,4.3473253,2.3560252,2.2294965,-1.0830299,8.80219,-0.13265158,19.04229,8.802843,22.205383,-0.29754984,2.6347954,6.334102,15.761162,0.9838442,9.622765,10.017441,29.88719,0.07960511,0.015589397,21.015167,-0.4678895,18.067068,39.294716
t77,3.752195,11.918567,1.0478716,-0.7687293,-0.37505856,5.6024904,7.832337,13.609282,-1.2621228,13.087509,9.070287,3.6754482,-0.117365636,2.53324,5.052933,-0.40287235,-1.0541073,3.1985073,0.055561956,-0.6533101,4.967925,4.585608,-1.7046183
t78,3.9649713,7.618514,0.6886603,-0.62288004,-0.32821798,4.408546,7.197561,8.436722,-0.9202788,10.858792,6.6083193,3.149794,-0.09228053,4.1962857,4.1892567,-0.5428501,-0.9090293,1.6138868,0.07577074,-0.50831115,3.1382987,3.7683027,-1.3742793
t79,0.02938283,8.969645,1.2876984,-0.30734605,-0.36859056,7.045829,1.9717324,9.003575,-0.8509546,6.587087,5.713054,0.26186392,-0.253473,0.17130855,0.42497626,-0.021748668,-0.6165127,5.630067,0.055559162,-0.5742472,9.025233,4.815587,-1.1229854
t80,2.4649205,8.693954,5.5745044,-0.40853095,0.45330364,-0.09988441,3.705457,3.397603,21.559557,-0.9712159,-0.6851323,0.62320423,9.982304,0.78719175,2.6164992,0.5525296,20.109612,0.03993835,0.03364023,32.23576,0.31408423,4.0411344,31.411343
t81,1.6646258,8.097549,5.568521,-0.42741603,0.9831277,-0.09723818,2.4032974,4.434699,19.833487,-0.96234196,-0.6301098,1.4068546,9.599676,0.7762843,1.9429679,0.7325572,17.60773,0.020983666,0.026999153,30.837925,0.44751954,2.824002,29.36169
t82,5.762414,3.5297894,2.2446377,-1.12298,8.54783,-0.14456958,21.111767,7.5638833,24.90762,-0.31859493,2.299773,5.693964,16.392298,1.0358546,10.891858,9.85993,33.84364,0.09829488,0.02645371,23.166517,-0.5401805,20.32391,42.93675
t83,0.21097279,10.465916,1.900904,-0.6742303,-0.3215595,5.3150826,5.81673,8.609927,-1.2431413,9.787853,6.2631516,0.0069486545,-0.11672084,0.06787456,2.0175216,-0.42874798,-0.5585398,1.4214511,0.025457019,-0.7558764,4.13814,4.080783,-1.4944054
t84,0.034687247,7.821032,1.4657259,-0.94793934,-0.598503,2.5506663,4.0018587,13.484414,-1.3599287,10.258643,8.654161,0.14440389,-0.058372244,0.0976887,1.4654275,2.518845,-0.42882708,2.3332496,0.017918073,-0.61698896,9.632794,3.9543235,-1.596473
t85,0.027090205,5.734319,1.1270541,-0.2586065,-0.29110476,6.0093284,0.8626815,5.6696696,-0.556089,4.282153,3.724597,0.26323718,-0.24953976,0.16170898,-0.037916604,-0.11812748,-0.5214224,5.0272155,0.062526025,-0.4223733,7.365925,3.8745067,-0.86530316
t86,0.023295863,9.218801,1.2912997,-0.7443899,-0.5382785,3.8736012,4.1442943,13.424341,-1.2674674,9.872926,8.200907,0.11596375,-0.0880284,0.09997625,2.0594935,1.6541475,-0.5232676,2.9745612,0.020085508,-0.5941455,8.902594,4.219631,-1.5299209
t87,0.025201624,6.9720683,1.1859279,-0.70601255,-0.49459904,3.0491152,3.4119737,10.886908,-1.084541,8.398529,6.9274135,0.12537865,-0.077074446,0.08517221,1.4068125,1.4400144,-0.44402924,2.3631444,0.021138486,-0.5100368,7.8180375,3.4837832,-1.3321087
t88,1.9311067,8.378159,5.6817827,-0.4078272,0.71590924,-0.097715564,2.6749053,3.9396598,20.551914,-0.9751842,-0.6293982,1.0619308,9.6118145,0.76625866,2.1600602,0.541211,18.388948,0.028615633,0.030498767,31.658772,0.38557106,3.1420786,30.017345
t89,5.847719,0.39209658,0.15643927,-0.6345181,-0.17257072,1.839791,6.696951,0.22213186,-0.28290766,8.277354,3.6976595,4.4070826,-0.06434892,7.404774,2.622753,-0.79072493,-0.77162904,0.016546533,0.10388504,-0.23932095,-0.1385775,2.3854392,-0.91581607
t90,0.0369884,8.159336,1.4933373,-0.9534648,-0.60771775,2.686721,4.0969043,13.828367,-1.3860441,10.452332,8.801295,0.14605641,-0.058096025,0.100516744,1.6357293,2.4839182,-0.4430113,2.4238222,0.018422695,-0.6309982,9.766421,4.00942,-1.6235996
t91,0.0054057557,1.154685,0.7542514,-0.8272009,-0.2206721,5.6320767,4.3703246,9.911196,-0.48576766,3.8168566,-0.08043329,0.18215056,0.9989736,0.09246498,7.9981174,-0.14303778,-0.24188343,0.003693431,0.06540247,-0.12411298,1.7137277,0.06549995,-1.0042629
t92,0.030927565,6.9614434,1.0724994,-0.8327858,-0.35523766,8.076669,6.5293927,16.962847,-1.0734627,8.194275,3.5401046,0.1624012,0.87054294,0.16090164,9.141913,0.12826476,-0.4645041,1.5400265,0.038379185,-0.38395563,4.7406225,1.9799639,-1.5069327
t93,0.24601847,10.331269,1.88851,-0.66837484,-0.31818098,5.2832704,5.7980475,8.416267,-1.2293003,9.670542,6.1516194,0.008334621,-0.11481906,0.062628105,1.9802411,-0.43521735,-0.54777366,1.3756478,0.025154766,-0.7510794,4.0204525,4.0262384,-1.4799908
t94,0.3112965,9.797139,1.8617281,-0.66067225,-0.30749956,5.0857506,5.628456,7.8310294,-1.174247,9.36091,5.874367,0.005906886,-0.108041435,0.055087876,1.8493527,-0.44722974,-0.5216964,1.199866,0.025658067,-0.73064506,3.7797809,3.885231,-1.4318571
t95,0.035051484,11.353811,1.6168349,-0.99295765,-0.64880085,4.027419,5.0386376,17.481705,-1.6369059,12.545564,10.676083,0.1180394,-0.08278523,0.1364294,2.550628,2.7962646,-0.5624763,3.6220083,0.012014306,-0.7386863,11.097323,4.831373,-1.8962528
t96,4.2206044,10.027565,5.7457685,-0.3393987,-0.04531488,-0.10732201,6.098015,1.1280378,25.153229,-1.0014043,-0.7593844,0.060722414,10.613983,0.7917132,3.8950055,-0.009857922,24.866297,0.07874757,0.047017604,35.390198,-0.011204716,6.4897866,35.530617
t97,1.961017,8.449652,5.699381,-0.39844278,0.6387944,-0.09819465,2.7023838,3.8394868,20.674114,-0.9767198,-0.6370091,0.9537696,9.638496,0.76713896,2.1718316,0.47372535,18.567043,0.030464422,0.03070105,31.786198,0.4101311,3.1991491,30.159416
t98,0.03404419,7.425848,1.0990099,-0.87240976,-0.38423237,8.359178,6.7379713,17.824553,-1.1273626,8.579898,3.7744648,0.17740434,0.8948809,0.17729239,9.4516325,0.2845972,-0.46862376,1.563996,0.034263723,-0.3880095,5.0083313,2.035647,-1.6014631
t99,0.023484368,1.9726294,1.1586944,-0.9371687,-0.4865595,0.18717647,2.5044553,7.7298594,-0.9085346,7.0026417,5.843937,0.11758748,-0.035445344,0.049983066,-0.06673723,2.329157,-0.23967446,0.9842015,0.023387378,-0.3916332,6.911919,2.3906639,-1.2268485
t100,1.3676093,0.35090968,0.510834,-0.3913948,-0.05449883,1.1419463,2.5058804,-0.008298118,-0.028553067,2.9115324,0.31463474,0.06326129,-0.101883315,0.017670546,0.59281236,-0.2661873,0.75650984,0.00014288488,0.040075112,-0.10957553,0.6817019,1.7678653,-0.30890945
t101,0.053699538,2.6585884,0.85923517,-0.36280385,-0.13182054,2.0917876,2.5355945,2.7629776,-0.50098866,3.5690062,1.8700703,0.060784474,-0.059865035,0.014266529,0.8710951,-0.23046643,-0.33673152,0.4423202,0.040930238,-0.31057557,1.9279928,1.9841594,-0.6146934
t102,0.036798608,7.2830114,1.4802822,-0.98811656,-0.61030155,2.2073371,3.924497,13.515693,-1.3551111,10.281063,8.771966,0.13436967,-0.048136324,0.096573845,1.312834,2.7185283,-0.41813636,2.275065,0.018545581,-0.6072185,9.777918,3.8480678,-1.603268
t103,0.042277865,13.833378,1.5298566,-0.37481716,-0.48228347,8.823668,3.2694573,14.657184,-1.2918298,9.665737,8.4629755,0.24816763,-0.28481928,0.21766631,2.1908753,0.28768,-0.8268203,6.98947,0.050936878,-0.743406,11.604194,6.131095,-1.4892344
t104,0.015037892,5.8472886,0.95189303,-0.19228667,-0.28410837,6.4597263,0.67707384,5.747867,-0.53289557,4.376829,4.1105156,0.26319483,-0.27729052,0.14488226,-0.045055196,-0.090870544,-0.49261,5.66476,0.066416904,-0.44870907,7.788104,3.6433294,-0.7857987
t105,0.013361755,0.9968244,0.7992876,-0.8293293,-0.20735912,4.900155,4.232246,8.729662,-0.46766838,3.6421688,-0.07258361,0.19907446,0.91195035,0.090184376,6.7295904,-0.066163905,-0.20714046,0.006935163,0.064898096,-0.159664,1.7930806,0.20078008,-0.9845526
t106,0.029738642,5.203184,0.98703885,-0.8087579,-0.30737376,6.6301866,5.7617397,13.563437,-0.8880169,6.6507616,2.3578315,0.17139424,0.75720775,0.122482866,7.6865125,-0.015635213,-0.4010205,0.831693,0.04946387,-0.33700392,3.696329,1.5609411,-1.3441472
t107,0.0356471,8.3089695,1.1130478,-0.84032017,-0.38049686,8.739188,6.9138217,18.678753,-1.1889246,9.165064,4.395925,0.16362482,0.92702335,0.18324095,9.481657,0.3923723,-0.50514215,2.046989,0.028579606,-0.4398755,5.423166,2.2798126,-1.6273379
t108,0.004445992,1.1242759,0.7484151,-0.8331052,-0.22389244,5.653707,4.394069,10.170327,-0.48904666,3.8272738,-0.08606821,0.18394,1.0882632,0.09775618,8.163535,-0.13976374,-0.24759883,0.006952033,0.06519487,-0.11668435,1.7457738,0.022796705,-1.0059023
t109,6.369656,5.5069423,0.4361433,-0.6932516,-0.30790752,3.8627727,8.74017,5.8406186,-0.76190746,12.132923,6.903642,4.980773,-0.058862537,7.683181,4.62456,-0.7797207,-1.0716497,0.9107968,0.10828279,-0.45485747,1.2980022,3.8891845,-1.3879434
t110,0.037016418,8.823037,1.5533385,-1.0126067,-0.6465249,2.8243487,4.3410306,15.220879,-1.4838114,11.27331,9.672092,0.13942492,-0.05687314,0.11014241,1.7930014,2.8905613,-0.47381595,2.6742373,0.016698401,-0.66733783,10.613369,4.2611895,-1.7275946
t111,0.037086107,4.208469,1.3169663,-0.96162504,-0.52790886,1.0412256,2.9880753,10.165474,-1.1025454,8.251475,6.960687,0.13414037,-0.040262114,0.083184965,0.31907663,2.5483572,-0.3163505,1.499963,0.021714767,-0.48411033,8.16725,3.0065167,-1.3729161
t112,0.03553991,7.627737,1.4730014,-0.9321077,-0.5834722,2.5892916,3.9885228,13.169037,-1.3281956,10.162023,8.521253,0.13583961,-0.05326491,0.10314306,1.3248038,2.4468482,-0.43484738,2.3171518,0.017547488,-0.6084809,9.434776,3.9493067,-1.5754145
t113,0.031837337,1.7472192,1.1716431,-0.86520135,-0.4153161,0.32549918,2.3040936,6.729515,-0.8406582,6.384209,5.054631,0.1195271,-0.027427616,0.075819805,-0.068047084,1.9748884,-0.24672511,0.75416905,0.021648722,-0.37124145,6.1826196,2.2905648,-1.1088518
t114,0.078152016,3.7064662,1.8691117,-0.6909449,-0.17464837,2.9083776,4.4478292,-0.0015515799,-0.7116262,6.856599,2.7164958,0.03378494,-0.10525463,0.014998923,0.22210547,-0.6947572,-0.21238305,0.05548631,0.0339444,-0.5455575,0.17632717,2.495413,-0.98740155
t115,0.02891627,3.7151983,1.8860999,-0.69678116,-0.17397243,2.819145,4.371078,-0.0001657832,-0.71011233,6.74445,2.6522264,0.035056707,-0.09738889,0.019131783,0.058604352,-0.6647454,-0.18726912,0.05664663,0.031601712,-0.5481367,0.21273759,2.4310808,-1.0034323
t116,0.02068976,4.5106797,0.9367897,-0.6179551,-0.28649306,5.1622806,4.734566,10.015256,-0.7778958,5.632492,2.2934947,0.12572661,0.10300307,0.06615536,5.3615885,-0.11565767,-0.35965326,0.5964852,0.048914976,-0.31457415,3.234417,1.8899525,-1.0898992
t117,0.023403663,4.2402487,0.9500663,-0.6179707,-0.2838677,5.0865297,4.50682,9.64517,-0.7493582,5.3185763,2.0799932,0.13366164,0.036020864,0.069480054,5.267606,-0.12693954,-0.33830342,0.5334778,0.050244644,-0.30092648,3.1759102,1.7716134,-1.0622476
t118,0.031473972,3.141086,1.2226998,-0.9091923,-0.48721582,0.71316975,2.6575413,8.432717,-0.9862174,7.26995,6.048766,0.13867112,-0.04368296,0.062144917,-0.012409174,2.1809592,-0.27153602,1.2345545,0.023395365,-0.443845,7.2220097,2.6294541,-1.2558761
t119,0.033469327,8.206359,1.4909339,-0.9629375,-0.6125535,2.7002065,4.1358256,13.989565,-1.4060736,10.558786,8.941916,0.14254564,-0.063256845,0.09649098,1.5757099,2.5259333,-0.44948477,2.476126,0.01862964,-0.6420105,9.900236,4.0278015,-1.6402137
t120,0.024150316,3.028749,0.9944844,-0.9036316,-0.3097663,6.6498556,5.314499,13.146576,-0.738772,5.2052536,0.53752947,0.20017523,1.1724406,0.13638389,9.345727,-0.15343928,-0.31812134,0.01224982,0.06034045,-0.1715389,2.6345537,0.5560004,-1.2552196
t121,4.5895476,2.4538424,2.184027,-1.0810043,8.790576,-0.13377525,19.98702,8.51196,23.177767,-0.29775444,2.6125937,6.1134043,16.238115,1.0015025,10.094956,10.145695,31.343824,0.09740257,0.020889085,21.611649,-0.48698503,18.899689,40.653774
t122,0.028377697,6.432589,1.0545888,-0.8599512,-0.3444472,8.141901,6.5281134,17.079245,-1.0397179,7.9796786,3.1062934,0.16007729,1.1037122,0.16397433,9.365915,0.11428985,-0.42736113,1.3280696,0.03679618,-0.35903668,4.4372234,1.7238753,-1.5010415
t123,5.8513927,3.4849405,2.2810237,-1.1498028,8.64552,-0.14851615,21.561148,7.689421,25.358986,-0.3222445,2.3103268,5.762203,16.754225,1.0493687,11.005344,10.039939,34.31296,0.10916857,0.026626555,23.41293,-0.54650146,20.66227,43.668983
t124,0.025364265,7.679189,1.0527318,-0.14214988,-0.31915927,7.4371514,0.7993581,7.540246,-0.6353803,5.277112,5.114325,0.30397788,-0.30045864,0.17587869,0.07226229,-0.028798623,-0.54043835,6.719683,0.068949826,-0.5192768,9.281662,4.265709,-0.8558749
t125,0.031641454,12.007715,1.2352798,-0.1824297,-0.435064,9.018928,2.091326,12.35465,-1.0232339,8.091211,7.6756353,0.3094579,-0.30925754,0.19706084,1.3801188,0.2928319,-0.71138924,7.712232,0.061836146,-0.69637936,11.614502,5.49569,-1.1879847
t126,0.032803908,5.8617887,1.4272596,-1.0222636,-0.59706444,1.4925113,3.6089334,12.206387,-1.2543035,9.714102,8.28296,0.13183938,-0.04006374,0.08605379,0.7659841,2.8083348,-0.3730647,1.9222146,0.019944536,-0.5562221,9.243384,3.5015528,-1.554675
t127,0.016126648,6.0876274,0.9174627,-0.15259613,-0.27619687,6.6994395,0.5312268,6.004474,-0.5386852,4.364069,4.241412,0.28012726,-0.28614488,0.15637526,-0.020493252,-0.08573335,-0.52730113,5.912107,0.07118033,-0.44841078,8.139751,3.8031847,-0.75292087
t128,0.034514207,1.6974132,1.2139064,-0.9486244,-0.46307662,0.051712282,2.283373,7.4524455,-0.90724957,6.8042383,5.5632143,0.12448525,-0.027479848,0.074843034,-0.061397083,2.3288343,-0.23124953,0.7334878,0.020901546,-0.38129428,6.8082266,2.2651377,-1.1802154
t129,0.03321881,1.7172823,1.1992662,-0.9369825,-0.46310085,0.119998105,2.3469262,7.547238,-0.90826595,6.792605,5.5331182,0.1267469,-0.0251005,0.072431296,-0.049528617,2.2935135,-0.24210478,0.7473716,0.022183668,-0.38270736,6.8184896,2.2364643,-1.1778201
t130,0.024108805,4.615806,0.99047506,-0.8376244,-0.31374708,7.136858,5.8175964,14.4787245,-0.86925924,6.479001,1.9182993,0.16841619,1.0399299,0.13647632,8.983795,-0.07305881,-0.38815856,0.5442176,0.05129928,-0.27210966,3.4702444,1.2199651,-1.3156656
t131,0.018588454,2.3940806,0.89259,-0.8296258,-0.26746157,6.191388,4.906502,11.745406,-0.641452,4.6989727,0.35670745,0.17972465,1.1244221,0.11110077,8.645976,-0.1719959,-0.3063271,0.0070210514,0.06250342,-0.16935527,2.2673116,0.40071666,-1.1216859
t132,0.011374228,8.329142,2.3154364,-0.7615086,-0.295963,4.556395,6.1174784,3.686091,-1.1890755,9.314022,5.127853,0.048699506,-0.09165158,0.03715016,0.80224335,-0.6881511,-0.48858055,0.013845261,0.032994945,-0.7944368,1.7654595,3.7736077,-1.4612197
t133,5.1403346,3.305112,2.2734518,-1.0584027,8.078603,-0.13241848,19.647411,7.620469,23.684725,-0.3171777,2.1929584,5.376198,15.713808,0.9821584,9.99421,9.4402275,31.70809,0.09208937,0.019597368,22.235628,-0.47136658,18.867157,40.57988
t134,4.8981447,3.1151521,2.2628365,-1.0485183,8.116617,-0.13024683,19.342642,7.7843165,23.278618,-0.3156293,2.211358,5.489389,15.597518,0.97457975,9.868039,9.426899,31.161085,0.0895464,0.019784782,21.971571,-0.46342048,18.516932,40.03978
t135,0.01698719,6.1044164,0.90163666,-0.15518741,-0.2830648,6.7263985,0.51959807,5.9470854,-0.54125726,4.3763194,4.2616673,0.28175467,-0.2876481,0.15122658,-0.01355921,-0.08945718,-0.53271466,5.935233,0.0709965,-0.45314962,8.107433,3.7436101,-0.760968
t136,0.029110039,5.8569317,1.218794,-0.2762987,-0.2689853,6.0551953,0.92774564,5.5715513,-0.54470515,4.592258,3.834949,0.25203872,-0.25591555,0.19140705,-0.05358707,-0.077625275,-0.48465905,4.9798913,0.058157537,-0.41797665,7.366925,4.015311,-0.8577973
t137,0.03173854,6.2416935,1.2205534,-0.26756647,-0.2780517,6.130131,1.1016318,6.024768,-0.5855464,4.898264,4.0980444,0.24486072,-0.25624475,0.1912827,-0.054638766,-0.05236918,-0.4986623,5.073687,0.05539978,-0.43827718,7.622751,4.1205606,-0.87409014
t138,0.028614068,1.7420484,1.204339,-0.99099773,-0.48511174,-0.002385756,2.4720988,7.9117928,-0.91458964,7.170112,5.951419,0.120434456,-0.01987731,0.06606063,-0.056405146,2.5539722,-0.24858432,0.88129574,0.023338776,-0.38825625,7.0612803,2.3460472,-1.242454
t139,0.02557534,7.1024327,1.0309075,-0.12781186,-0.30673507,7.3197184,0.592071,6.9184995,-0.5751183,4.8665066,4.7800794,0.30192897,-0.3012057,0.1758267,-0.011228426,-0.049638733,-0.51385903,6.6526866,0.07002362,-0.49121508,8.975225,4.087242,-0.8095524
t140,0.005848213,1.2708856,0.8131587,-0.86021304,-0.22831628,5.984181,4.5002437,10.939757,-0.50268835,3.9783266,-0.08131378,0.18608119,1.1782048,0.11362512,8.599277,-0.1483563,-0.23854342,0.010487101,0.06575156,-0.10983302,1.8647633,-0.020791441,-1.0476677
t141,0.03861544,5.6783423,1.1864573,-0.2640567,-0.27861553,5.933827,0.95348036,5.6053123,-0.5493228,4.29666,3.647076,0.26143444,-0.23775311,0.16669558,-0.028377144,-0.11183571,-0.46675938,4.9059463,0.0640418,-0.42817092,7.2408905,3.8330352,-0.84934294
t142,0.04068231,9.62156,1.3231128,-0.2899683,-0.38208175,7.398662,2.1471858,9.921767,-0.8945133,6.8232985,5.948918,0.26468146,-0.25263834,0.18216394,0.8154132,-0.026229834,-0.6459983,5.9141517,0.0584603,-0.5938979,9.441814,4.987589,-1.1504465
t143,6.4169903,4.0231214,2.324261,-1.1928914,8.557598,-0.15551746,22.311428,7.358333,26.359415,-0.33278167,2.143492,5.670865,16.84391,1.0828435,11.61985,9.872158,35.906517,0.113987684,0.030439857,24.378126,-0.59377825,21.50193,45.19505
t144,5.0405364,2.8129196,2.2058535,-1.0953195,8.671129,-0.13866553,20.572891,8.155488,23.980797,-0.30556908,2.5372603,5.914281,16.43981,1.0180793,10.418847,10.105333,32.506107,0.10326561,0.023084555,22.24448,-0.5046015,19.561165,41.7877
t145,0.032638084,6.133362,1.1625334,-0.22491874,-0.29718867,6.3920627,0.805245,5.9127774,-0.5591433,4.4256926,3.8899481,0.27304363,-0.25649586,0.17101744,-0.040530853,-0.12446083,-0.5220838,5.4463468,0.06333067,-0.4377611,7.70695,4.0691805,-0.8618443
t146,0.032679006,4.9732585,1.3832085,-1.0245533,-0.5799172,1.050751,3.3246732,11.333453,-1.1849358,9.18335,7.8519564,0.13000678,-0.034229424,0.080523625,0.49706677,2.7991023,-0.33815032,1.7096202,0.02001046,-0.5216333,8.829488,3.2299545,-1.4937562
t147,5.429156,2.371157,0.31958172,-0.5959904,-0.20012209,2.6807761,6.985747,2.1661322,-0.46956635,9.157389,4.506655,4.2198462,-0.06398474,6.5947165,3.2187383,-0.77712864,-0.8828152,0.19600922,0.09921053,-0.320809,-0.01428745,2.8126972,-1.0240743
t148,5.541872,0.40056023,0.18740472,-0.63850385,-0.16552018,1.824364,6.4602704,0.19361688,-0.27789843,8.089034,3.5614326,4.181443,-0.070767105,7.0061817,2.7065785,-0.7992066,-0.76134324,0.01967481,0.1017026,-0.23914036,-0.13718729,2.380981,-0.8812128
t149,0.0114856735,1.3121217,0.8563366,-0.9031371,-0.2553161,6.0506015,4.632018,11.12896,-0.53070015,3.9120505,-0.109117016,0.22157095,1.1208177,0.12592395,9.007134,-0.13726215,-0.22581698,0.009308764,0.06711526,-0.100045085,1.905144,-0.023494719,-1.0816447
t150,0.011221215,1.3073148,0.85962033,-0.9032061,-0.26033834,6.0444274,4.612534,11.061674,-0.53768826,3.9133003,-0.107310176,0.22076085,1.116865,0.123052515,9.026317,-0.14584328,-0.22904952,0.010763863,0.06672516,-0.09703474,1.8597934,-0.012719622,-1.0859282
t151,0.0025120943,4.523628,2.1615324,-0.7721415,-0.19931965,3.3183398,4.9544635,-0.0008479209,-0.8462926,7.564067,3.2420006,0.04571408,-0.090766,0.011610193,0.3019096,-0.76686877,-0.22830588,0.060051106,0.03685705,-0.6395967,0.025363356,2.7589297,-1.1326122
t152,0.0017657226,4.4955754,2.1364055,-0.7686739,-0.20261942,3.285097,5.001548,-0.00059549394,-0.85567605,7.605552,3.2644513,0.04186573,-0.089490116,0.0058872313,0.33259287,-0.76719046,-0.24501218,0.059229158,0.037428565,-0.640078,0.024836041,2.76309,-1.1354887
t153,0.03207778,4.9479365,1.3820906,-1.0243908,-0.57980055,1.0172331,3.3168478,11.333339,-1.1848105,9.192028,7.8592362,0.12846608,-0.033608936,0.08171165,0.48690113,2.807546,-0.33821133,1.6778135,0.019363495,-0.51899904,8.830088,3.2230005,-1.4917871
t154,0.030748973,6.196695,1.1693872,-0.22195454,-0.2912132,6.4810534,0.7912277,6.0146527,-0.5569429,4.461507,3.9101582,0.2711864,-0.2614506,0.17439543,-0.044301517,-0.1191561,-0.5145864,5.521556,0.06463703,-0.44108558,7.822091,4.135891,-0.8574348
t155,0.03763956,6.166156,1.1782247,-0.21901129,-0.2952455,6.4873996,0.7622325,5.9984183,-0.57243735,4.427943,3.902045,0.2764345,-0.25775883,0.17617872,-0.047648143,-0.12084794,-0.5205814,5.481171,0.06384313,-0.44966528,7.8456106,4.122149,-0.8571213
t156,0.011632579,1.8071854,0.8769533,-0.865875,-0.24457577,6.233939,4.786354,11.562247,-0.56593007,4.3441625,-0.03383305,0.18172203,1.239063,0.115434766,8.795357,-0.17328468,-0.26630443,0.009944245,0.06439896,-0.13767445,1.9986374,0.103511885,-1.1046574
t157,5.8489933,3.4209445,2.2552264,-1.223862,9.057847,-0.1545209,22.52873,7.9385476,26.083961,-0.286981,2.5043325,6.059982,17.261593,1.0736167,11.555374,10.346995,35.480335,0.11370031,0.026630767,23.55161,-0.5770118,21.516665,45.07732
t158,5.314495,3.012986,2.2028341,-1.1140871,8.697173,-0.14050955,20.989416,8.0416975,24.435219,-0.30359405,2.520835,5.8685503,16.579094,1.0277508,10.634407,10.148258,33.127342,0.106184036,0.02200693,22.487867,-0.52781165,20.025145,42.400703
t159,6.434831,3.9754126,2.2939472,-1.2024889,8.653685,-0.15407649,22.33876,7.4626393,26.307194,-0.3263972,2.1860929,5.7564197,16.880552,1.0797994,11.613301,9.945505,35.782864,0.11233533,0.028227326,24.203365,-0.6008667,21.60785,45.077816
t160,0.019996483,6.285469,0.91134197,-0.1487673,-0.2865432,6.8467054,0.42197397,6.0929127,-0.55863345,4.4234786,4.4287543,0.29047874,-0.2961918,0.16250332,-0.015574272,-0.07594068,-0.55156606,6.128148,0.070892185,-0.45989484,8.364237,3.819664,-0.7572955
t161,0.02693575,1.8880585,1.2137824,-0.9984504,-0.50151956,-0.0046052253,2.4801817,8.0423,-0.9339657,7.321438,6.1294575,0.118857294,-0.022563644,0.06448731,-0.06923623,2.5798078,-0.24015741,0.85874104,0.021462651,-0.39438534,7.1945057,2.3669162,-1.2667426
t162,0.028387597,8.042657,1.0895662,-0.13457987,-0.32582727,7.653984,0.823765,7.8803687,-0.65738875,5.455889,5.3336706,0.31014004,-0.3040456,0.1879116,0.17296582,-0.02187843,-0.54453254,6.8383274,0.068106204,-0.53148144,9.489289,4.3448997,-0.8708018
t163,0.014351203,6.138959,0.94938564,-0.17548035,-0.2755934,6.6871767,0.51180947,5.911176,-0.55304205,4.4356127,4.230458,0.2798091,-0.28956184,0.16011666,-0.012536136,-0.10284694,-0.540598,5.845721,0.071027555,-0.45608446,8.119876,3.80677,-0.7666256
t164,0.020766161,9.207173,1.0757799,-0.19748533,-0.35965502,7.7962265,1.4494524,9.271731,-0.81947905,6.364608,6.004358,0.2850472,-0.2970032,0.17270623,0.75611776,-0.037751865,-0.6631136,6.61117,0.06663665,-0.58269256,9.76038,4.65743,-1.0033867
t165,6.1777,3.688776,2.2795594,-1.2498567,9.091557,-0.15780038,22.95024,7.8057356,26.586763,-0.29407272,2.46666,6.0345163,17.349388,1.0901576,11.833906,10.316678,36.24372,0.116181605,0.028542561,24.034706,-0.6007442,22.017452,45.841064
t166,0.027474118,5.9152637,1.1339195,-0.22377667,-0.2762373,6.139879,0.7815864,5.7419662,-0.5335375,4.366216,3.7173185,0.25835618,-0.2571685,0.1756617,-0.055056635,-0.105851844,-0.4966525,5.201304,0.06085323,-0.42175922,7.583295,3.9160807,-0.8261658
t167,0.07347986,3.1018274,0.8192408,-0.31741393,-0.2220222,3.6447406,1.5625622,3.2557836,-0.41074,3.9655294,2.705884,0.13797708,-0.16530274,0.051676415,-0.016070524,-0.15804836,-0.3413147,2.6678808,0.05447135,-0.32635054,4.442706,2.558688,-0.7074395
t168,0.077108204,3.0631447,0.82525665,-0.31017083,-0.21988939,3.6804435,1.5603998,3.2293937,-0.40819952,3.8787267,2.6283526,0.13645153,-0.16321002,0.05295694,-0.02054814,-0.16683488,-0.345465,2.6602786,0.054726683,-0.32488993,4.396817,2.545768,-0.7100273
t169,0.018952297,6.306704,0.9104298,-0.15003479,-0.28666973,6.8809285,0.45217863,6.17941,-0.5525474,4.4307714,4.431884,0.28883967,-0.29766127,0.16134095,-0.013029641,-0.068386085,-0.5445621,6.1752152,0.07176944,-0.46072003,8.395098,3.825074,-0.7616706
t170,0.015260803,2.0576558,0.87881225,-0.853854,-0.25272498,6.42133,4.9309897,12.022132,-0.60349214,4.586042,-0.01184003,0.1807409,1.2956433,0.118690275,8.919957,-0.16639967,-0.2706936,0.007828367,0.061785422,-0.1487234,2.1320186,0.21967411,-1.1232868
t171,0.008281562,1.2775502,0.8198021,-0.86347574,-0.22862521,6.1258802,4.542871,10.98966,-0.5028659,3.9568532,-0.09994164,0.19218518,1.211916,0.11458975,8.708217,-0.14833863,-0.23022284,0.008189623,0.06527324,-0.11312916,1.8364577,-0.022285735,-1.0470847
t172,0.015855368,6.2792435,0.9112554,-0.14551894,-0.28345084,6.8703966,0.47364762,6.084825,-0.55170554,4.466591,4.411434,0.28584525,-0.29967377,0.16340896,-0.014040139,-0.084054045,-0.55510324,6.1156535,0.07163177,-0.45440534,8.345774,3.8637733,-0.75518554
t173,0.019362047,6.258534,0.90628827,-0.14813527,-0.28622878,6.817425,0.48149577,6.0903163,-0.55530685,4.4494667,4.4100795,0.28767598,-0.2967757,0.16241236,-0.012524201,-0.07527295,-0.55508864,6.10162,0.07122581,-0.45511007,8.331024,3.8419847,-0.7563541
t174,0.023963442,3.056279,1.0102066,-0.91294795,-0.31632942,6.9407053,5.3871074,13.562983,-0.70771855,5.2001357,0.3636449,0.20643738,1.2600946,0.1489831,9.719409,-0.161087,-0.28910005,0.012089849,0.06024347,-0.15174812,2.5987506,0.42370868,-1.2803444
t175,0.019601502,2.3006957,0.9528532,-0.91798097,-0.2948258,6.665336,5.092414,12.686086,-0.6305276,4.6567955,-0.016924806,0.21489024,1.2787932,0.14205545,9.540341,-0.1523381,-0.25510046,0.0138041945,0.062086992,-0.12557061,2.258381,0.14076371,-1.2134079
t176,0.011926185,1.4446563,0.89731926,-0.9366322,-0.26910886,6.321132,4.7534804,11.694727,-0.5415024,4.128081,-0.102497935,0.22656353,1.2577463,0.13969663,9.316632,-0.11517595,-0.2116678,0.012343718,0.064041436,-0.09713985,1.9700346,-0.03340195,-1.1334832
t177,0.0108684525,1.4435564,0.8936151,-0.9341255,-0.2671591,6.318487,4.730478,11.644198,-0.53347844,4.09356,-0.10657186,0.22516777,1.2376965,0.1404841,9.334382,-0.11969953,-0.21218054,0.01135394,0.06369843,-0.09385144,1.9338193,-0.039735403,-1.1271464
t178,7.2247515,0.45381775,0.12527359,-0.74994344,-0.1994734,1.9644326,8.077012,0.39048135,-0.30836445,10.006775,4.695637,5.5970917,-0.058110055,9.468601,3.4167602,-0.9152576,-0.94099337,0.014950702,0.12927666,-0.267825,-0.19105022,2.9091022,-1.0810841
t179,7.2283783,0.42204568,0.11037145,-0.74962866,-0.20026156,1.9506761,8.048507,0.39547527,-0.30491325,9.97592,4.6735,5.5979095,-0.057787273,9.470258,3.430043,-0.90738946,-0.93562627,0.014926643,0.12870006,-0.2654472,-0.19155504,2.8688018,-1.0799382
t180,7.214887,0.41042185,0.113223545,-0.74903834,-0.19997329,1.9273148,8.05622,0.39617425,-0.3034219,9.957977,4.6752424,5.5900173,-0.05773955,9.47531,3.420366,-0.9065244,-0.93351334,0.015629232,0.1286591,-0.26386148,-0.19328791,2.8741605,-1.0759336
t181,0.02084781,6.3249106,0.90701663,-0.14780912,-0.28594163,6.8649735,0.4596234,6.2180214,-0.56513375,4.429785,4.423616,0.2904864,-0.29479137,0.15961657,-0.017707821,-0.0671678,-0.5498186,6.142039,0.07205282,-0.46457934,8.437611,3.8714411,-0.7619271
t182,6.2094603,3.6966102,2.277208,-1.2576487,9.059537,-0.1578413,22.919935,7.772536,26.601929,-0.29221717,2.4127147,6.016588,17.31451,1.0852345,11.838876,10.306391,36.185406,0.11664791,0.028743785,23.99675,-0.6000648,22.001257,45.800312
t183,6.1984878,3.711626,2.2742665,-1.2537551,9.057792,-0.15802774,22.888689,7.7520704,26.594723,-0.29263455,2.393153,6.029691,17.318962,1.0844893,11.830567,10.291699,36.166706,0.11612804,0.028922223,23.981243,-0.60027045,21.986565,45.794994
t184,0.02937133,1.8286345,1.2152338,-1.0075105,-0.500364,-0.0047172615,2.4421332,8.086421,-0.93804705,7.2694383,6.087657,0.12477282,-0.020736607,0.06676954,-0.06982972,2.655278,-0.2304072,0.83559346,0.021229362,-0.39624283,7.2296734,2.3316631,-1.2689327
t185,0.028139625,1.8605406,1.206653,-1.0010045,-0.50046325,-0.0043532043,2.464373,8.088437,-0.9341013,7.258678,6.085937,0.12385622,-0.020845996,0.063653514,-0.06735982,2.62712,-0.23144457,0.85598224,0.02155609,-0.39488965,7.2042556,2.314814,-1.2660646
t186,0.03743225,6.9221206,1.1750852,-0.2313933,-0.30469456,6.6997166,1.0596622,6.7606983,-0.6367791,4.852664,4.236511,0.27760932,-0.26716036,0.1795349,-0.036187608,-0.07927539,-0.53343827,5.5866857,0.062015854,-0.48837826,8.173164,4.2489715,-0.9158875
t187,0.036319952,6.171754,1.1583816,-0.22868204,-0.28842306,6.401565,0.8284071,6.0272474,-0.5811962,4.4274144,3.8417296,0.27635068,-0.2628848,0.17635353,-0.062672175,-0.09268962,-0.4931566,5.355902,0.062505886,-0.45713753,7.81087,4.0664515,-0.8612226
t188,0.009063432,1.3185953,0.8193967,-0.8580747,-0.22974786,6.0442634,4.5740113,10.946543,-0.5129075,4.003597,-0.084998414,0.18837301,1.2208995,0.10977363,8.647451,-0.15528908,-0.24543521,0.008144603,0.06607408,-0.118074365,1.8458136,-0.005954772,-1.0446817
t189,0.008863224,1.3108414,0.8238202,-0.86174655,-0.22989275,6.031461,4.5665426,10.936696,-0.5107861,4.030294,-0.08148168,0.18786336,1.2164966,0.11106242,8.636429,-0.15074825,-0.2432916,0.008140746,0.06611872,-0.117353745,1.8623233,-0.0026438483,-1.0470992
t190,0.02453998,2.7876902,0.99008155,-0.6688782,-0.39030558,1.0547843,2.3682382,6.025063,-0.7412561,5.880874,4.470342,0.097181566,-0.07730555,0.05725818,-0.07622421,1.1371297,-0.2783089,1.1643589,0.026554776,-0.35148403,5.715708,2.5419624,-1.0408134
t191,0.020800728,1.8358501,0.9200451,-0.6616622,-0.35964355,0.71805274,2.147614,5.0332656,-0.6534108,5.289659,3.8951926,0.09229867,-0.073307686,0.053323522,-0.1128423,1.0891368,-0.24400982,0.9136741,0.026391229,-0.31026834,5.1645827,2.2226908,-0.96682364
t192,7.302481,0.5030175,0.101203434,-0.7517863,-0.19969766,1.9866804,8.130643,0.42268616,-0.3027254,10.0720005,4.7370863,5.6286325,-0.056285214,9.629104,3.4083445,-0.9067547,-0.94423664,0.012904235,0.13119993,-0.2726192,-0.18871857,2.9112825,-1.0960279
t193,7.31144,0.4984318,0.10419017,-0.7517055,-0.20214735,2.0012596,8.149502,0.4066398,-0.3009208,10.093465,4.7562833,5.638959,-0.056823134,9.670383,3.4016201,-0.9118324,-0.9434577,0.012258805,0.13144332,-0.2732311,-0.18978913,2.919115,-1.0972419
t194,0.019610388,2.3346837,0.9573758,-0.91508996,-0.29804024,6.674067,5.071284,12.739683,-0.6281266,4.678204,-0.008052469,0.21313259,1.2591344,0.14431241,9.565407,-0.15664797,-0.25283596,0.013514773,0.061793398,-0.11949125,2.2788463,0.14656332,-1.2162482
t195,0.012592781,1.4798387,0.89975405,-0.9279834,-0.27215686,6.34409,4.703656,11.712244,-0.53394324,4.1050525,-0.09794117,0.22550917,1.2176216,0.1423633,9.35879,-0.12468979,-0.20876692,0.0106173,0.064095564,-0.086993866,1.9794769,-0.030921418,-1.129918
t196,7.3195605,0.47873977,0.0942517,-0.75217754,-0.1985418,1.965426,8.141906,0.42068815,-0.29776657,10.079063,4.746635,5.642972,-0.056230962,9.644184,3.4155571,-0.9023425,-0.9428245,0.01310762,0.13123858,-0.2697596,-0.19030471,2.9081354,-1.0925157
t197,0.020451408,1.0551059,0.78102434,-0.8023411,-0.23370612,5.1127405,4.09208,8.8394165,-0.4838956,3.5755434,-0.053622447,0.19334531,0.87383944,0.0753076,7.2336392,-0.14557092,-0.22447139,0.0012213055,0.0667265,-0.14268897,1.666739,0.21400176,-0.9751918
t198,0.021894502,1.0945646,0.7821825,-0.8004683,-0.23348714,5.1210866,4.081847,8.82938,-0.48173094,3.5727813,-0.052620824,0.19336511,0.86240655,0.07673009,7.2116265,-0.14420636,-0.22647332,0.005747648,0.06655043,-0.14420344,1.6705663,0.22559905,-0.97656715
t199,0.026610745,1.7484432,0.9216574,-0.67345613,-0.36565304,0.6762118,2.1153715,5.066612,-0.651205,5.19438,3.84754,0.09692008,-0.0735032,0.055781197,-0.111590825,1.1375797,-0.24671397,0.9204561,0.026529627,-0.30892658,5.1636734,2.1679852,-0.9763498
t200,0.026916783,1.7724521,0.9194154,-0.6715251,-0.3636186,0.6724455,2.1355247,5.0523686,-0.65003604,5.2070255,3.858044,0.09766766,-0.07324913,0.055907194,-0.111973435,1.1564317,-0.24692704,0.919654,0.02704113,-0.30866817,5.157586,2.1881618,-0.9747372
t201,7.2595515,0.44932517,0.11021582,-0.74797404,-0.19760878,1.9451184,8.0831,0.4286253,-0.3040542,9.988976,4.698675,5.625076,-0.056312278,9.493208,3.4609566,-0.9111831,-0.9431554,0.014976695,0.1291912,-0.26391602,-0.19348277,2.8764272,-1.0773733
t202,7.2641788,0.448003,0.1111967,-0.7479049,-0.1986726,1.9627086,8.105053,0.42584473,-0.3082537,9.998231,4.693904,5.632833,-0.05733721,9.513232,3.43792,-0.9115656,-0.94395936,0.015321048,0.1294866,-0.2659394,-0.19312727,2.8875794,-1.0824329
t203,0.02099393,6.3195252,0.9010352,-0.14289744,-0.2880223,6.9171014,0.4459345,6.2041087,-0.55932885,4.417499,4.400167,0.29223698,-0.29688936,0.15912099,-0.017997572,-0.06774885,-0.5454677,6.1797366,0.07236707,-0.46314126,8.462789,3.8625007,-0.76250285
t204,0.019969465,6.329565,0.8988209,-0.14121896,-0.28686535,6.9240446,0.4508924,6.204773,-0.556156,4.423671,4.426058,0.29128736,-0.29698098,0.15833847,-0.014876463,-0.06756281,-0.54523265,6.195517,0.07261238,-0.46234265,8.446889,3.857476,-0.75924456
t205,0.019441029,6.3398266,0.8995818,-0.14673847,-0.28718737,6.883711,0.44126156,6.208866,-0.5581278,4.420912,4.423056,0.28951743,-0.29806736,0.16026203,-0.011440022,-0.07167572,-0.54683536,6.1745877,0.07202752,-0.4610038,8.43299,3.8284152,-0.76010394
t206,0.007178254,1.2877023,0.824193,-0.8641808,-0.23494326,6.0918536,4.5909266,11.095112,-0.5137503,4.017287,-0.08410087,0.18786973,1.2352344,0.10976351,8.704895,-0.1545467,-0.23678517,0.008435854,0.065433405,-0.11696015,1.8732822,-0.021003718,-1.0535761
t207,0.008654993,1.3173542,0.82687545,-0.8631679,-0.23512723,6.0968137,4.581072,11.10051,-0.516121,4.0074244,-0.08489214,0.18901613,1.2317258,0.111754745,8.70906,-0.15626344,-0.2389779,0.009001226,0.06531403,-0.116365895,1.8718941,-0.019643411,-1.0550687
t208,0.034200873,0.8359706,0.7958005,-0.60795355,-0.17170636,3.6651747,3.3442936,5.4776363,-0.38000393,3.0405405,0.013285797,0.14781944,0.24445611,0.029304214,4.4588857,-0.17692266,-0.14487058,0.0010100766,0.06651169,-0.17863144,1.4519122,0.9009193,-0.73674744
t209,0.040562563,0.8360758,0.7958467,-0.6059221,-0.1721895,3.6757293,3.3464608,5.4693775,-0.3795307,3.0248883,0.002109632,0.14834224,0.24492314,0.028361078,4.452338,-0.17954764,-0.13964663,0.0018434686,0.066246174,-0.18001617,1.4356638,0.88412327,-0.73584086
t210,0.019823723,6.316857,0.8993921,-0.14617577,-0.28699782,6.8702645,0.4583468,6.2232466,-0.56056124,4.4284935,4.4240804,0.28906798,-0.2972657,0.15957747,-0.01756505,-0.06598981,-0.5467768,6.1671796,0.072032474,-0.46200305,8.455009,3.8458664,-0.760852
t211,0.022629296,7.02349,0.9428365,-0.15005738,-0.3080023,7.125123,0.65122527,6.892475,-0.62171066,4.824916,4.823808,0.29384997,-0.30124477,0.16137211,6.8716705e-05,-0.06126433,-0.57798225,6.3785043,0.07238735,-0.49559835,8.835768,4.060054,-0.81565917
t212,0.02828276,6.030471,1.1753374,-0.22985831,-0.28059533,6.1207075,0.82096636,5.8509827,-0.5451524,4.4469805,3.8013418,0.25786656,-0.2566117,0.18101439,-0.054780617,-0.11281688,-0.5049927,5.2402077,0.059833348,-0.42602232,7.6494803,3.9243333,-0.8349798
t213,0.018730182,1.7401153,0.8667124,-0.641917,-0.3547187,0.71718544,2.0840778,5.0267887,-0.633898,5.1408463,3.7948718,0.09083094,-0.07863218,0.04941479,-0.10432534,1.1003287,-0.2334181,0.92648244,0.02826688,-0.29604128,5.151762,2.1881342,-0.9419146
t214,0.018675094,1.7574265,0.8694122,-0.6393204,-0.3539902,0.7264994,2.0934167,5.0328493,-0.63443893,5.1354957,3.776818,0.09056051,-0.07763477,0.048925977,-0.10256425,1.0797046,-0.23219953,0.911233,0.028176565,-0.29651776,5.1298704,2.183731,-0.940643
t215,0.023767892,6.5963993,1.0116764,-0.106577285,-0.2719395,7.261774,0.39041817,6.41257,-0.53063625,4.553716,4.553992,0.31300035,-0.30361706,0.18188828,-0.02340104,-0.049142126,-0.49186596,6.6820903,0.07243253,-0.4773395,8.853901,3.9145458,-0.730539
t216,0.023614764,6.608261,1.0160543,-0.106868245,-0.27276048,7.2697043,0.40282664,6.4047284,-0.5321871,4.563749,4.547448,0.31301978,-0.30390292,0.18179217,-0.024670934,-0.052658934,-0.49223801,6.6669955,0.072335765,-0.47810373,8.848797,3.9217396,-0.7334886
t217,0.025292255,6.6169343,1.00917,-0.10444668,-0.2732903,7.2726736,0.36347604,6.4403305,-0.53134066,4.5563083,4.5864234,0.31582314,-0.30304655,0.18215224,-0.021576613,-0.04452852,-0.49447483,6.728168,0.0728496,-0.47836804,8.904213,3.9225261,-0.7298615
t218,0.03106616,5.9848905,1.1433666,-0.22386228,-0.2784451,6.1585374,0.7614098,5.779896,-0.5364563,4.3754625,3.7652571,0.25892457,-0.26024857,0.18175557,-0.05249834,-0.09489067,-0.49770606,5.274014,0.059903406,-0.41955763,7.621163,3.9366233,-0.82501197
t219,0.03056772,5.9899626,1.1424421,-0.22626404,-0.2789499,6.155282,0.766541,5.7708936,-0.5370303,4.3769917,3.7662866,0.2590295,-0.26008976,0.18034384,-0.050712466,-0.096225925,-0.49630287,5.264007,0.059967503,-0.42040443,7.6001644,3.9223585,-0.8275745
t220,0.024786502,6.6242137,1.0137254,-0.106772415,-0.2724857,7.266347,0.37310797,6.4596205,-0.53185594,4.569226,4.601075,0.31486285,-0.30249858,0.18228783,-0.020928422,-0.044034325,-0.4950548,6.728233,0.073125996,-0.47892404,8.909817,3.9346235,-0.73056704
t221,0.012092621,4.8959627,2.3415046,-0.8140754,-0.20916966,3.5089273,5.2895007,-0.00043370452,-0.93734616,7.981748,3.4328244,0.054932423,-0.086350776,0.012451886,0.1505984,-0.80310464,-0.2341528,0.06974486,0.03521149,-0.6971309,-0.0016939128,2.9758804,-1.2086321
t222,0.027346618,6.5745187,1.0363492,-0.11317347,-0.28195336,7.236748,0.3938371,6.3512483,-0.52602327,4.53502,4.4818845,0.31060028,-0.3006398,0.18328278,-0.01981372,-0.06354391,-0.48651418,6.6099353,0.07200793,-0.47380045,8.74912,3.8937237,-0.747338
t223,0.027590789,6.5759363,1.0389239,-0.11276383,-0.2814307,7.243863,0.38648126,6.345864,-0.5258237,4.5269666,4.4738426,0.3113812,-0.30057406,0.18409191,-0.021052174,-0.06349522,-0.48571637,6.6080155,0.07190638,-0.47392467,8.751389,3.8986032,-0.74725574
t224,0.011703691,4.8344846,2.3249102,-0.8125619,-0.20941,3.484624,5.274704,-0.0006748258,-0.93711025,7.936923,3.3974683,0.054961555,-0.08605221,0.009742774,0.118770696,-0.7984062,-0.23466823,0.07078824,0.035012253,-0.6960817,-0.0012066026,2.9512584,-1.2074529
t225,0.011602174,4.832525,2.3238823,-0.8127273,-0.20950538,3.4835749,5.273987,-0.00055281067,-0.9366171,7.9325695,3.3961582,0.054926913,-0.08602895,0.009587907,0.11752542,-0.79848146,-0.23462021,0.0708784,0.035028737,-0.69589365,-0.0010596886,2.9516132,-1.2073997
t226,0.012179449,4.9014215,2.34331,-0.8151696,-0.2104357,3.5060701,5.305888,-0.00026613328,-0.9400847,7.9981856,3.441606,0.05479224,-0.086147144,0.011571112,0.15268582,-0.80481374,-0.23544638,0.07008813,0.035270076,-0.69838285,-0.0017107797,2.9771998,-1.2111908
t227,0.012219912,4.8977213,2.3419259,-0.8150116,-0.21040878,3.5028763,5.304429,-0.00030430025,-0.93976086,7.992244,3.4379015,0.054956898,-0.08588333,0.011238277,0.15079305,-0.8044731,-0.23489504,0.07026949,0.035237636,-0.6981769,-0.0021443248,2.9753883,-1.2108538
t228,0.024495881,6.6267004,1.0121093,-0.10506804,-0.27236837,7.2758265,0.3724354,6.4488025,-0.5315268,4.574176,4.6062217,0.31523618,-0.3028256,0.18184675,-0.02039469,-0.045366295,-0.49528313,6.73664,0.07312986,-0.4788159,8.907381,3.929693,-0.7294353
t229,0.024735093,6.6303773,1.0129105,-0.1050398,-0.27275908,7.278956,0.37589455,6.4511275,-0.5324352,4.5762386,4.605972,0.31563848,-0.30295783,0.18197425,-0.020109145,-0.04573912,-0.49576244,6.735927,0.07318766,-0.47905216,8.910788,3.9316642,-0.7300336
t230,0.02791342,6.036332,1.1704963,-0.23165512,-0.28268263,6.1178727,0.8138124,5.8656263,-0.5491187,4.4597077,3.8252358,0.25883105,-0.25750127,0.18072611,-0.057273686,-0.11056964,-0.51181,5.247027,0.05987578,-0.42693302,7.6820097,3.9424043,-0.83909816
t231,0.027934855,6.037213,1.1712191,-0.23177797,-0.282719,6.120685,0.813915,5.866811,-0.54910934,4.460801,3.8253045,0.25887755,-0.25757554,0.18084246,-0.057220444,-0.11082638,-0.5116476,5.2478266,0.059901286,-0.4271449,7.6832085,3.9431562,-0.8393388
t232,0.026347559,6.56855,1.0256454,-0.11361142,-0.28712165,7.1531744,0.44274142,6.2485275,-0.5322154,4.5883503,4.491383,0.3077614,-0.30198944,0.18097067,-0.03837541,-0.061903656,-0.4921215,6.4910755,0.070062265,-0.4724923,8.69894,3.902385,-0.7559582
t233,0.026363568,6.569375,1.0255865,-0.1136121,-0.2870555,7.1530848,0.4427102,6.248378,-0.5322896,4.58865,4.4922886,0.30775723,-0.30197638,0.18097165,-0.038304288,-0.061731562,-0.4923255,6.491495,0.07008358,-0.47246134,8.6993265,3.903931,-0.7558696
t234,7.3560176,0.48297787,0.09343384,-0.7543665,-0.20034419,1.9725956,8.181427,0.42377734,-0.2980715,10.1109295,4.775914,5.6810017,-0.055351492,9.716208,3.4407074,-0.9074347,-0.9467347,0.012777821,0.1316944,-0.2703982,-0.19378924,2.9076722,-1.0966886
t235,7.355728,0.482085,0.09341972,-0.75433725,-0.20026451,1.9720397,8.180689,0.42321193,-0.29801807,10.110352,4.775689,5.6813974,-0.055323604,9.714823,3.4396603,-0.90717006,-0.9466613,0.012778353,0.13167368,-0.2703638,-0.19377357,2.9073782,-1.0965858
t236,6.1243525,3.6070352,2.2599828,-1.2532547,9.177131,-0.1591665,23.045471,7.8106537,26.627047,-0.2858457,2.530525,6.136647,17.403296,1.0902437,11.868542,10.349006,36.28538,0.1149322,0.02950279,23.981716,-0.6004286,22.0251,45.980816
t237,6.1248007,3.607126,2.2599761,-1.2532481,9.1769,-0.15916826,23.045855,7.810245,26.626965,-0.28584957,2.5307689,6.136789,17.402737,1.0902368,11.869022,10.348931,36.285786,0.114922315,0.02950477,23.98214,-0.6004882,22.02518,45.980904
t238,6.1284633,3.607707,2.2616885,-1.2535266,9.168043,-0.15914178,23.040075,7.813781,26.628517,-0.2852103,2.5289428,6.1242604,17.3887,1.0893263,11.867199,10.351388,36.282917,0.11480834,0.029401733,23.976027,-0.60117096,22.021477,45.9667
t239,6.1284747,3.6077137,2.2616692,-1.2535226,9.168021,-0.1591414,23.040085,7.8137193,26.628439,-0.2852106,2.5289457,6.124262,17.38864,1.089329,11.86718,10.351375,36.28292,0.114806846,0.029400699,23.975946,-0.6011745,22.021431,45.96667
