,0,1,2,3,4,5,6,7,8,9,10,11,12,13,14,15,16,17,18,19,20,21,22,23
t1,11.635502,0.5073491,6.009253,7.1205335,4.589069,6.048005,3.1417315,5.5663867,4.7586746,9.468586,4.310759,1.8812159,5.9387193,4.185084,4.706242,4.8989573,4.55356,5.4661746,3.1053162,6.9225154,5.172368,5.423915,5.8018417,5.3054037
t2,11.589805,0.52730393,6.0023484,7.2991195,4.7198606,6.0538015,3.0759807,5.5755506,4.787254,9.416291,4.1819243,1.9250275,5.949784,4.1051702,4.7386737,4.923415,4.5344872,5.424618,3.1054688,6.885545,5.140983,5.3836207,5.7274075,5.2321453
t3,11.572274,0.4720273,6.0455966,7.2260094,4.680072,6.0095897,3.113833,5.530859,4.71753,9.422212,4.2207904,1.9325672,5.899898,4.214629,4.7620516,4.9505315,4.6074476,5.411065,3.1706574,6.860215,5.150989,5.3719788,5.8344445,5.234239
t4,11.584805,0.49096966,6.0537915,7.424746,4.7949896,6.0004296,3.088123,5.525106,4.7643137,9.417189,4.1128097,1.9370455,5.901712,4.138866,4.7921185,4.975616,4.5721645,5.4076705,3.1423283,6.8701005,5.148197,5.3222165,5.749664,5.1848254
t5,11.605046,0.4910336,6.0204287,7.155483,4.6167555,6.0371895,3.1279328,5.55387,4.7333603,9.442578,4.283541,1.9051653,5.92255,4.2050433,4.719467,4.914887,4.582103,5.4403315,3.1355932,6.8918085,5.1580014,5.4051747,5.824917,5.2883883
t6,11.634086,0.4787357,6.050639,7.1871524,4.653029,6.0061555,3.1215506,5.525006,4.7649717,9.472171,4.2465725,1.8947409,5.9025517,4.1842184,4.7526355,4.9426494,4.548383,5.4567285,3.1059473,6.930996,5.177387,5.3778014,5.7927065,5.2508535
t7,11.682663,0.46386144,6.062894,7.213696,4.673043,5.987069,3.1765006,5.516952,4.7508693,9.525574,4.226694,1.8418497,5.8972225,4.2344155,4.7360373,4.9103503,4.563161,5.506563,3.119358,6.9707546,5.2173963,5.390934,5.843048,5.224568
t8,11.640122,0.52364093,5.9931684,7.102037,4.5729504,6.0628414,3.1485498,5.584546,4.7642517,9.4745,4.326451,1.8717533,5.95587,4.1761084,4.6899877,4.8784595,4.547107,5.474468,3.0968966,6.9279447,5.174089,5.443277,5.795943,5.3174148
t9,11.575472,0.44126967,6.1286917,7.6056066,4.9273567,5.9210167,3.0917802,5.452815,4.743409,9.417245,3.9854164,1.9567722,5.835863,4.1708846,4.873211,5.048747,4.6092925,5.383375,3.1844745,6.8534884,5.158968,5.2322946,5.766885,5.0892844
t10,11.5831175,0.47506845,6.0704145,7.4348226,4.802471,5.983168,3.0921373,5.5085964,4.7552595,9.42166,4.1045375,1.9391954,5.8858576,4.15718,4.807245,4.9892974,4.5826735,5.4050956,3.153921,6.869056,5.153305,5.3100343,5.76562,5.169672
t11,11.585214,0.42914733,6.155665,7.658892,4.9683466,5.893086,3.092971,5.4264693,4.729885,9.423885,3.945918,1.9495219,5.811028,4.1765285,4.9003677,5.064934,4.6261897,5.3850946,3.1902804,6.8624744,5.1615114,5.1994195,5.7706437,5.060107
t12,11.527891,0.4135715,6.1657033,7.7343464,5.0200953,5.883058,3.0573642,5.417513,4.77136,9.379573,3.899381,2.0169566,5.805406,4.1376686,4.936302,5.1224666,4.5992393,5.324717,3.2160776,6.79741,5.159491,5.170971,5.717961,5.0133533
t13,11.4391165,0.33325958,6.2912774,8.103381,5.288441,5.755114,2.9775724,5.2969656,4.823941,9.304236,3.648617,2.1476874,5.6977444,4.068741,5.091844,5.3210554,4.57361,5.2027445,3.312079,6.6749473,5.1736016,4.9971676,5.619984,4.807376
t14,11.468081,0.35764727,6.2389183,7.9642563,5.1920686,5.809212,3.0102644,5.3469825,4.8124566,9.330291,3.7384264,2.1033788,5.7417855,4.1000795,5.037497,5.247829,4.587144,5.2454133,3.2769725,6.716819,5.1647563,5.0645947,5.653364,4.882336
t15,11.628545,0.4934075,6.0924916,7.5653353,4.887238,5.9551697,3.1594355,5.4895124,4.680994,9.441998,4.0197754,1.895192,5.869133,4.2262034,4.857261,4.9998827,4.6622353,5.438502,3.1372175,6.908005,5.130623,5.2603593,5.8301473,5.1509733
t16,11.632473,0.4460229,6.123424,7.5613117,4.907736,5.926809,3.12335,5.4575005,4.7198462,9.461818,4.000406,1.8965597,5.8385825,4.2078795,4.830131,4.996308,4.6217346,5.443213,3.1658976,6.912724,5.166677,5.2578106,5.8130894,5.124271
t17,11.441817,0.33819923,6.3934875,8.286724,5.3777566,5.65466,2.9006913,5.1997576,4.7936363,9.310332,3.5688734,2.1593387,5.6177773,3.992133,5.1267467,5.368097,4.5149136,5.181597,3.3179097,6.6694074,5.2273884,4.8837867,5.6192617,4.7246623
t18,11.421832,0.32497424,6.337487,8.225527,5.3748393,5.707672,2.9617076,5.253312,4.8402824,9.288928,3.569807,2.1757774,5.663432,4.0475984,5.1412964,5.3786073,4.568044,5.1718116,3.3364756,6.6455793,5.1749396,4.942588,5.5951633,4.743016
t19,11.42057,0.29509994,6.2941785,8.255545,5.3847766,5.751934,2.9903996,5.2947807,4.8829,9.283007,3.5559485,2.2020283,5.6963124,4.0896573,5.173843,5.394446,4.6091475,5.1828275,3.3488557,6.6170344,5.132553,4.961703,5.589351,4.7531796
t20,11.473413,0.36181805,6.3110595,8.32947,5.3940625,5.733712,3.020745,5.282697,4.8981733,9.332796,3.5635662,2.151363,5.7086816,4.090214,5.183789,5.3511634,4.619478,5.2292237,3.2976031,6.6582303,5.113411,4.944368,5.629259,4.7537937
t21,11.384497,0.26919895,6.3985486,8.302793,5.4371476,5.645786,2.9010081,5.1908927,4.811771,9.25745,3.5128717,2.2187555,5.5981197,3.990866,5.153367,5.4378424,4.5246215,5.126626,3.3779678,6.6211047,5.2179856,4.8704157,5.571101,4.6768823
t22,11.397133,0.2845266,6.398466,8.356672,5.465861,5.6451693,2.9184444,5.1924343,4.8364987,9.265548,3.4920766,2.2149556,5.6091876,3.9989533,5.177046,5.4429755,4.546376,5.1381974,3.3742442,6.61494,5.2013326,4.868405,5.5720544,4.6648912
t23,11.358361,0.2303862,6.5064473,8.5809965,5.6317463,5.5280027,2.861526,5.086539,4.8364315,9.230768,3.3595638,2.2680976,5.522271,3.9172099,5.2382607,5.5455737,4.519194,5.0866847,3.4339657,6.569769,5.2418475,4.7516837,5.5353613,4.5272555
t24,11.352852,0.21965832,6.5258536,8.611314,5.654582,5.5089555,2.8485863,5.0664477,4.833018,9.225399,3.340912,2.275946,5.506234,3.9010816,5.2458844,5.5621357,4.5116463,5.0782247,3.443198,6.564932,5.250302,4.731332,5.530542,4.5060215
t25,11.2792845,0.08093665,6.7815237,9.0702715,5.9950876,5.2520843,2.7116513,4.8021374,4.8231297,9.157219,3.0690732,2.3949716,5.303269,3.6954067,5.3758245,5.7973275,4.4399347,4.982555,3.573825,6.4798536,5.3380003,4.463827,5.4655275,4.194085
t26,11.294756,0.11588359,6.760582,9.008726,5.939381,5.3042636,2.7377272,4.844506,4.8426547,9.134148,3.107611,2.3973665,5.289468,3.7044458,5.344463,5.7606034,4.4216905,4.99893,3.5390077,6.476418,5.378652,4.4412327,5.4416866,4.2120953
t27,11.303404,0.111752324,6.772491,9.038742,5.9688864,5.287874,2.703953,4.809175,4.8238535,9.159954,3.0778253,2.3906565,5.3121705,3.6987813,5.3743796,5.79458,4.4415526,4.9762764,3.5574958,6.4878216,5.3362613,4.47035,5.458087,4.2189035
t28,11.253367,0.029150382,6.7818675,9.132687,6.0594096,5.193247,2.7117066,4.8195124,4.8122196,9.1667,3.0547605,2.3804045,5.310769,3.7119203,5.3892584,5.7825828,4.4621587,4.978886,3.5768101,6.4968677,5.332813,4.5033903,5.4940166,4.199565
t29,11.316582,0.1493901,6.7454534,8.950396,5.888982,5.3306837,2.6870484,4.852335,4.8090267,9.154664,3.0749848,2.356777,5.344495,3.7443798,5.383609,5.754306,4.4482064,4.9418807,3.5371397,6.4985156,5.341207,4.4904237,5.4631085,4.294175
t30,11.330557,0.117984004,6.793207,9.042918,5.990344,5.2992682,2.6645792,4.8045516,4.809334,9.1731415,3.0412078,2.3886034,5.305058,3.6925936,5.42,5.8049765,4.460278,4.934451,3.522502,6.519363,5.3469787,4.511573,5.468008,4.253812
t31,11.2334175,0.019355144,6.7497673,9.022552,5.9669466,5.2028947,2.7101734,4.91994,4.795006,9.131514,3.047014,2.326368,5.3333,3.7880168,5.3984566,5.6883035,4.482433,4.941051,3.5460496,6.5227933,5.375356,4.510423,5.514308,4.2853346
t32,11.242003,0.01737204,6.8283124,9.228725,6.143117,5.167716,2.7485843,4.7719793,4.8492727,9.148387,3.0618505,2.454672,5.238898,3.6387584,5.3684096,5.8225346,4.3995667,5.0195165,3.5706515,6.445267,5.379895,4.4555855,5.4544263,4.1022754
t33,11.177216,-0.046875514,6.7911177,9.281263,6.174846,5.088736,2.7688494,4.7584443,4.83026,9.175391,3.0761259,2.4165702,5.2966065,3.6792138,5.344557,5.8246136,4.435013,5.0551677,3.652562,6.43447,5.3016596,4.4763584,5.4998155,4.081608
t34,11.588277,6.217861,6.8937106,7.0184298,2.0239668,5.7116203,4.433855,6.0765204,4.8409915,7.064451,4.570994,4.464362,5.976587,4.602122,4.180817,3.9878128,5.888209,4.6261754,3.5896375,5.5115395,4.956664,4.344146,5.3737,6.455348
t35,11.139613,-0.0964455,6.7883554,9.350555,6.2326183,5.0160904,2.7839987,4.7839155,4.826879,9.175954,3.0699663,2.4056442,5.304507,3.7007158,5.344831,5.800273,4.4516106,5.06034,3.670335,6.445935,5.2915993,4.4994717,5.5222397,4.0788407
t36,11.062023,-0.1922821,6.8214574,9.482604,6.355547,4.8817887,2.836021,4.7063484,4.833535,9.192313,3.0694542,2.4551914,5.285815,3.650476,5.3256593,5.853791,4.421686,5.1190276,3.7556665,6.37382,5.2651815,4.5068445,5.5496154,3.9620805
t37,11.575984,6.380046,6.940917,7.0075836,1.9869108,5.699862,4.4651327,6.115115,4.854637,7.028719,4.663797,4.442928,6.0640945,4.6301785,4.109099,3.934861,5.909421,4.612581,3.579525,5.453302,4.9551377,4.3854446,5.3689857,6.4919205
t38,10.979002,-0.28108695,6.8194275,9.594283,6.44868,4.7657423,2.8877027,4.68658,4.844926,9.201632,3.0836535,2.465857,5.295676,3.65082,5.296018,5.859965,4.421018,5.170787,3.8241847,6.3419085,5.236147,4.5285044,5.5756407,3.8948898
t39,11.603018,6.1738944,6.8468137,7.0222344,2.0680006,5.66145,4.3884783,6.049673,4.794818,7.112822,4.5230374,4.489554,5.929756,4.611812,4.230013,4.0279355,5.84011,4.6770544,3.5511992,5.5015116,4.92832,4.3632956,5.3417115,6.407736
t40,11.633196,6.414583,6.905698,7.0238247,1.9078228,5.7835903,4.540785,6.090206,4.8308825,6.9903207,4.7181635,4.477793,6.0132656,4.580436,4.044862,3.9546149,5.935634,4.585824,3.6174035,5.543665,5.005413,4.2866116,5.41965,6.5981627
t41,11.620235,6.392171,6.939059,7.029602,1.9469682,5.7360945,4.519906,6.086836,4.8240757,6.9936504,4.7151804,4.447943,6.046977,4.6338925,4.0508566,3.9633834,5.922977,4.6036534,3.5810995,5.4947248,4.982827,4.368274,5.376338,6.5354238
t42,11.103443,-0.13284476,6.7664876,9.3851185,6.260378,4.9780107,2.7873154,4.8279657,4.8205247,9.171264,3.0629056,2.3677537,5.3329167,3.7507422,5.343034,5.759896,4.4862604,5.0581527,3.6883817,6.4758377,5.2745657,4.516921,5.545735,4.095967
t43,11.07836,-0.16385674,6.786243,9.437397,6.3052115,4.924277,2.8160446,4.7797832,4.8281293,9.178683,3.0734956,2.4076264,5.3107677,3.709543,5.328813,5.7961445,4.4546485,5.091981,3.7169166,6.4280787,5.27159,4.5086102,5.544961,4.0377674
t44,11.578664,6.2304206,6.9156814,7.017153,2.0005715,5.7449303,4.4509945,6.0839624,4.873195,7.0391183,4.575039,4.456642,5.9911375,4.587308,4.1745157,3.9736671,5.9191413,4.594742,3.6195586,5.5223656,4.9748054,4.325626,5.3971815,6.4810495
t45,10.970722,-0.29354692,6.825053,9.607342,6.4626822,4.749146,2.8963308,4.675189,4.8442087,9.205139,3.0833166,2.4749851,5.290776,3.6411452,5.294956,5.86713,4.414085,5.1768312,3.834186,6.3283896,5.2355413,4.5303307,5.580361,3.8800445
t46,11.592063,6.4442716,6.942494,6.974076,1.9164238,5.750229,4.50253,6.1484065,4.8586373,6.974813,4.70036,4.4701414,6.074683,4.587268,4.067756,3.8918893,5.9488983,4.5639606,3.61085,5.495548,4.97808,4.3272038,5.422936,6.5573893
t47,-1.9443123,3.3342865,11.63129,7.5411444,6.9393754,3.9567025,3.0613506,6.1331096,5.094975,4.9878364,7.3428316,3.864251,7.7215514,1.6871754,5.266282,4.1883025,3.345213,5.0965147,4.5594025,6.796903,6.610775,4.499948,4.545452,6.6884985
t48,10.651573,-0.58301693,6.771227,9.984683,6.771217,4.38278,3.0959997,4.5900345,4.9541926,9.226247,3.1927216,2.5137634,5.3649983,3.6552377,5.129578,5.903786,4.416094,5.420441,4.108358,6.240211,5.1039133,4.6264634,5.6391354,3.6090288
t49,11.593391,6.4782043,6.934268,6.9887547,1.9332556,5.7220373,4.515223,6.133098,4.8245797,7.000819,4.750367,4.4480643,6.067573,4.6204185,4.0400295,3.9210124,5.9157844,4.603129,3.57971,5.476981,4.968058,4.3426375,5.382745,6.559009
t50,-2.0077808,3.370029,11.636204,7.4807625,6.8987594,4.047254,2.9060054,6.0659695,4.9817142,5.046113,7.301417,3.9895308,7.6847053,1.5868832,5.190295,4.1946945,3.1570725,4.9766383,4.5716596,6.602625,6.593962,4.6596394,4.583367,6.47021
t51,-2.003808,3.2773201,11.602051,7.5243564,6.969177,4.0000653,3.093984,6.082069,5.034653,4.9663725,7.2666245,3.8637626,7.648417,1.6788374,5.2327304,4.250622,3.2585883,5.0576797,4.587198,6.700994,6.6475835,4.506137,4.569873,6.7532406
t52,10.481138,-0.793408,6.815946,10.09966,6.863095,4.166087,3.230508,4.554429,4.9496136,9.29378,3.1881418,2.508492,5.347539,3.6037035,5.101497,5.887019,4.4254994,5.482419,4.243878,6.1077037,5.0845513,4.6742725,5.659328,3.4726033
t53,11.643146,6.5433784,6.924937,7.0349727,1.885809,5.772286,4.5873275,6.0850067,4.806391,6.9774523,4.8176675,4.4551253,6.0198894,4.620193,3.9646463,3.967799,5.926439,4.597744,3.5862672,5.5360856,5.0034413,4.2952075,5.389077,6.648128
t54,11.664258,6.4949937,6.9163265,7.050531,1.8894376,5.780972,4.5834546,6.057125,4.807163,6.974482,4.7849174,4.463662,5.99152,4.5972576,3.990084,4.00065,5.9331656,4.596655,3.6047587,5.55914,5.0179367,4.283651,5.4116125,6.6319704
t55,-1.9784766,3.316773,11.627802,7.5155435,6.9715624,3.9847736,3.0820136,6.095582,5.0559316,4.961374,7.307652,3.880768,7.6891246,1.6941949,5.232228,4.2110677,3.2703733,5.054591,4.593076,6.7146344,6.6188817,4.5014606,4.548416,6.7140365
t56,-1.9678282,3.3351936,11.6534195,7.488249,7.0003343,3.9735317,3.1182435,6.0804167,5.0584664,4.936107,7.318143,3.9078932,7.7003684,1.7180502,5.198302,4.1950364,3.231277,5.0219126,4.6191516,6.675515,6.58651,4.4782257,4.523854,6.717824
t57,10.546553,-0.67003256,6.750375,10.163597,6.921774,4.254433,3.1547112,4.552341,5.0171995,9.216722,3.2295637,2.5278063,5.406949,3.6702335,5.0549607,5.9449587,4.41195,5.5102596,4.2038765,6.2358766,5.0581756,4.6640673,5.646383,3.506231
t58,10.53934,-0.67056507,6.7182083,10.115178,6.903271,4.2539754,3.165246,4.5315585,5.045988,9.191622,3.2689862,2.5678937,5.43078,3.7064388,5.027936,5.978535,4.3771577,5.531469,4.2136073,6.2261815,5.0341163,4.677969,5.6808715,3.4957733
t59,-1.9082702,3.3265777,11.679096,7.527122,6.8975816,3.8973937,3.1110828,6.1564465,5.1419044,5.0202756,7.3319764,3.9219077,7.706625,1.692235,5.223895,4.1914167,3.3573573,5.054202,4.50709,6.8037086,6.5654254,4.468939,4.5027537,6.7246556
t60,10.423427,-0.8620349,6.812039,10.118471,6.8924766,4.103443,3.2823155,4.5368214,4.980402,9.264102,3.237392,2.5692449,5.376336,3.6567855,5.0693016,5.944132,4.3711987,5.4993963,4.3053493,6.092677,5.055433,4.692248,5.719354,3.4109297
t61,10.439422,-0.83801585,6.839975,10.127137,6.89884,4.120947,3.2655897,4.5738044,4.970696,9.30679,3.1964874,2.5244064,5.3646894,3.6048741,5.074355,5.896084,4.397308,5.4948654,4.2892714,6.101915,5.0829086,4.698709,5.7051353,3.4360762
t62,11.727902,6.495107,6.9465656,7.057119,1.8197931,5.862588,4.6436834,6.0320077,4.8326674,6.8729672,4.8024316,4.4762764,5.992938,4.5226026,3.9550908,4.0256624,6.0144105,4.5255046,3.691378,5.640055,5.084243,4.210903,5.497513,6.727184
t63,-4.0789566,4.639595,-1.2664226,8.57071,7.8670187,2.8820581,3.5644836,6.2151957,7.295814,4.403847,4.712816,3.0807664,8.657875,2.1028962,5.7115645,8.2319355,5.4474306,3.2575188,2.3380349,3.8521845,7.3668847,3.7560768,3.1608653,4.373974
t64,-1.9634335,3.371698,11.703398,7.428523,7.0793605,3.9731305,3.1170468,6.0595903,5.0615983,4.8551517,7.3405786,3.8994484,7.7492266,1.7912651,5.1846437,4.17541,3.2110248,5.007802,4.7006717,6.6400757,6.586353,4.4466267,4.465845,6.7130375
t65,-2.0020306,3.3581133,11.669801,7.444835,7.022382,4.0185995,3.0627673,6.052478,5.015852,4.911456,7.3066726,3.9399912,7.704704,1.729913,5.1754117,4.1897974,3.176842,4.9821706,4.655905,6.613063,6.6040387,4.5163727,4.514767,6.6685266
t66,11.4544,6.866019,6.960373,6.7498183,1.5394609,5.848702,4.669956,6.373097,4.7910266,6.8609757,4.9476314,4.527673,6.2417197,4.6571293,3.8290632,3.6020021,6.036359,4.497239,3.5471535,5.4942617,4.8039474,4.135444,5.3030767,6.959031
t67,-2.0534356,3.348274,11.617636,7.478262,6.810672,4.116329,2.7925057,6.0540195,4.9046397,5.1408944,7.2455354,4.0663457,7.629569,1.4835439,5.1783605,4.224823,3.0838096,4.9164114,4.5032754,6.530286,6.604895,4.776485,4.669651,6.3608394
t68,-2.0424347,3.3590677,11.622313,7.4731092,6.8486857,4.0935016,2.8365457,6.0612607,4.935117,5.096696,7.2683787,4.0388613,7.6467257,1.5304935,5.179931,4.2047467,3.1134048,4.9363017,4.5320177,6.5572124,6.599727,4.728163,4.628134,6.4137597
t69,10.541971,-0.5880994,6.9870095,11.058563,7.713292,4.24484,3.147865,4.6824627,5.2375193,9.189492,3.0591059,2.2924194,5.5600214,3.7322824,4.8465433,6.2313128,4.48613,5.4598293,4.3073497,6.4421043,5.0459976,4.8114223,5.39462,3.3481774
t70,10.375421,-0.8908704,6.7433295,10.22323,6.9690475,4.037783,3.3092756,4.4981503,4.97636,9.316961,3.244312,2.5530019,5.3471,3.552849,5.0558977,5.8504653,4.3993416,5.596164,4.342223,6.064849,5.059148,4.712748,5.705247,3.3730447
t71,10.375434,-0.9039754,6.741877,10.195089,6.9447093,4.0401297,3.314635,4.474677,4.982735,9.263843,3.2737749,2.5991614,5.360878,3.622099,5.0606513,5.916537,4.3682375,5.56771,4.3490415,6.075673,5.0377374,4.6935353,5.729461,3.3593318
t72,10.124204,-1.1360551,6.588315,10.422747,7.097247,3.5849884,3.354254,4.3478775,5.193739,9.1849785,3.3219876,2.6427386,5.5255847,3.6299996,4.8594847,5.9119935,4.394836,5.864022,4.482171,6.1353173,5.0890336,4.8114176,5.7266235,3.1508532
t73,11.5592985,6.6273723,6.9549494,6.8931937,1.7859598,5.805411,4.6047273,6.227498,4.8399816,6.9302087,4.832126,4.47269,6.1264763,4.6307125,3.9330885,3.7931247,5.9798737,4.5199285,3.6055307,5.537364,4.92874,4.2303443,5.3734865,6.767627
t74,-4.0897837,4.6159554,-1.2709001,8.541631,7.885378,2.8863778,3.5684772,6.208169,7.2508254,4.455775,4.749525,3.0453608,8.654733,2.08443,5.6572843,8.224549,5.4333634,3.1685085,2.2557292,3.8192275,7.30925,3.8380456,3.2143025,4.4533978
t75,-2.0120366,3.3513489,11.656341,7.45285,7.0016994,4.0315504,3.0430355,6.0435224,5.0004954,4.935109,7.2945733,3.9587054,7.687393,1.7033387,5.1630154,4.196864,3.149557,4.9681196,4.639672,6.582115,6.6013255,4.5362725,4.532889,6.6493106
t76,-2.0171168,3.4076188,11.706227,7.3857617,7.0427604,4.0533,3.0336053,6.0236535,4.9721003,4.8979325,7.3076873,4.0372996,7.705922,1.7349222,5.1102014,4.153501,3.0566874,4.887561,4.691946,6.4850383,6.5532055,4.5451536,4.500494,6.6072135
t77,10.293025,-0.9522972,6.6632953,10.332374,7.0345845,3.8644536,3.2922375,4.4355054,5.0837307,9.2534485,3.2742252,2.5744252,5.446168,3.58891,4.9631886,5.8740597,4.405403,5.722295,4.386831,6.14343,5.0693107,4.739623,5.6981745,3.2976377
t78,10.371623,-0.8694842,6.6864586,10.276904,6.986238,3.997918,3.2783377,4.4694657,5.0035715,9.3043165,3.2581458,2.5558782,5.369741,3.5402615,5.036837,5.8187237,4.4231906,5.661346,4.334022,6.1112165,5.067169,4.702391,5.6876807,3.368502
t79,10.386479,-0.88848835,6.771673,10.185252,6.9500713,4.071946,3.3181968,4.504717,4.9714966,9.295512,3.2524316,2.5741081,5.349028,3.597007,5.0645475,5.900162,4.3726163,5.549034,4.3428636,6.0590997,5.0455527,4.7073894,5.725809,3.376343
t80,-4.1191306,4.6529045,-1.3079154,8.572574,7.895575,2.9171464,3.5966733,6.1727033,7.2939997,4.414263,4.708957,3.0142515,8.664237,2.0825508,5.698093,8.2530155,5.4682207,3.201423,2.2896821,3.7846246,7.3102922,3.8014696,3.1895797,4.408229
t81,-4.145082,4.6661983,-1.2918617,8.4464655,7.781769,2.928295,3.6182783,6.150061,7.245545,4.3689117,4.7429295,3.0260646,8.537838,2.1918511,5.749788,8.154229,5.374473,3.1834576,2.288105,3.807515,7.2970476,3.8084195,3.221097,4.4390616
t82,10.05113,-1.2111053,6.5338635,10.4505625,7.1112356,3.4748023,3.3607101,4.299705,5.2421203,9.182508,3.3269196,2.6336153,5.576644,3.6013756,4.809403,5.8712254,4.3846374,5.9361467,4.5177464,6.152169,5.116136,4.853181,5.725495,3.1039786
t83,-4.181671,4.6924167,-1.4246578,8.339401,7.66937,3.049981,3.646232,6.10999,7.25741,4.236926,4.6272693,3.0360796,8.396339,2.3018768,5.882239,8.052721,5.282594,3.2966921,2.4113393,3.8156793,7.2939577,3.6851475,3.2568781,4.3119717
t84,10.168713,-1.0953057,6.621986,10.394748,7.0965767,3.6650047,3.283793,4.381351,5.2140055,9.220758,3.2635987,2.5446062,5.594999,3.6068532,4.833071,5.8903437,4.3638163,5.812841,4.4536853,6.222786,5.121589,4.8289523,5.7046514,3.2032156
t85,10.303034,-0.9558971,6.7546554,10.228852,7.009367,3.9996436,3.3918226,4.4745936,4.977552,9.361878,3.2773113,2.605855,5.3327193,3.5332537,5.040789,5.8543034,4.343051,5.6094894,4.420055,5.976508,5.0421534,4.7653837,5.777057,3.3080192
t86,10.329276,-0.95074666,6.7577834,10.207584,6.9759226,4.010081,3.364528,4.4717097,4.988355,9.3033495,3.2877395,2.6220622,5.3553367,3.5981894,5.0454965,5.9139466,4.3395023,5.5801973,4.4000263,6.0209503,5.0283628,4.728061,5.771708,3.3179307
t87,10.040832,-1.2474563,6.506081,10.447238,7.106978,3.4416983,3.385773,4.260368,5.2185597,9.210017,3.3513248,2.6796467,5.5751724,3.574978,4.84116,5.8424535,4.3440914,5.9632325,4.5654416,6.1438093,5.096605,4.82186,5.770817,3.0599246
t88,-2.0299187,3.37692,11.677069,7.412994,7.0138903,4.0612116,3.0251572,6.0247483,4.96717,4.9230714,7.287444,4.018745,7.683462,1.7099415,5.1243277,4.1787395,3.0780957,4.907965,4.6610475,6.506709,6.5787377,4.554408,4.5277014,6.6187525
t89,11.471262,6.873422,7.015565,6.691999,1.6512179,5.8562465,4.7221584,6.448003,4.8558626,6.8684964,5.002397,4.4250855,6.275867,4.7360334,3.7569451,3.5403411,6.0382233,4.385258,3.6375659,5.603447,4.8339562,4.12537,5.296698,7.0332947
t90,-4.263105,4.7606363,-1.5902836,8.190581,7.5159254,3.2208598,3.7172008,6.0085087,7.28253,4.019878,4.4878616,2.9778016,8.176512,2.4517865,6.102676,7.9354515,5.1760497,3.4126303,2.5468004,3.755189,7.257203,3.55061,3.310148,4.1793475
t91,-4.0667806,4.6058936,-1.2914346,8.556107,7.875191,2.9033341,3.5434577,6.2175117,7.2753406,4.41798,4.716866,3.0674627,8.6602955,2.0889034,5.6954064,8.225838,5.4390306,3.2106063,2.2969553,3.8357675,7.3364716,3.7971187,3.1928926,4.4133086
t92,-4.074117,4.56744,-1.3512979,8.446764,7.824805,2.9764643,3.5381625,6.194896,7.227161,4.3892016,4.6828156,3.0448365,8.563302,2.1257613,5.7188168,8.130981,5.34162,3.2109253,2.302881,3.8203726,7.2892203,3.7930453,3.265406,4.3975725
t93,-4.284987,4.784859,-1.5552346,8.180761,7.508221,3.2255588,3.740796,5.9895296,7.284214,4.011473,4.5144877,3.019617,8.169319,2.4600823,6.109682,7.9739795,5.2085724,3.3762136,2.50854,3.8006573,7.291869,3.589316,3.2856386,4.22017
t94,-2.4161265,3.2292802,11.523026,7.3192425,6.617285,4.545632,2.5102215,5.9673,4.494624,5.2870846,6.899943,4.5207,7.278748,1.3210994,4.982367,4.2749195,2.6431391,4.461391,4.316952,6.0233526,6.659128,5.080451,4.959428,6.3224025
t95,11.460681,6.9090967,7.0180616,6.6758523,1.6218457,5.8913746,4.748867,6.4548736,4.832398,6.8288445,5.021906,4.435373,6.304147,4.73738,3.7320752,3.5171683,6.068502,4.3777328,3.6437933,5.618782,4.804541,4.0817156,5.2697024,7.0871215
t96,11.517886,6.754921,6.975019,6.804331,1.6990775,5.8358803,4.661653,6.3181205,4.8307586,6.888866,4.9078116,4.47006,6.193679,4.6659136,3.8543673,3.6849885,6.0111694,4.4750223,3.608161,5.556395,4.8772635,4.1715937,5.3367367,6.898807
t97,10.554636,-0.529656,7.1016235,11.150224,7.794693,4.29865,3.0636508,4.702842,5.2939487,9.250823,2.9699695,2.192096,5.5280128,3.70255,4.854947,6.336576,4.5640554,5.4469113,4.3711877,6.54519,4.9773126,4.759179,5.2965956,3.4100604
t98,10.112276,-1.1455424,6.5835376,10.428937,7.106298,3.5725737,3.4160867,4.325344,5.1587176,9.20674,3.3716588,2.6922252,5.486702,3.6027534,4.8857536,5.8919106,4.385621,5.8813543,4.5011053,6.0796742,5.0612855,4.8040576,5.7570634,3.1326656
t99,11.802654,6.455536,6.9353123,7.118336,1.7989686,5.922762,4.681841,5.9541,4.8317423,6.8272557,4.800989,4.4882216,5.9270506,4.45695,3.9471982,4.1191273,6.0416145,4.516215,3.7436373,5.7057977,5.158882,4.1575913,5.554825,6.7616534
t100,-4.0909853,4.624226,-1.3037765,8.5189705,7.838061,2.926491,3.5651195,6.196095,7.2719655,4.382004,4.7029305,3.058283,8.610166,2.1352813,5.733323,8.192224,5.4094186,3.2406285,2.3290792,3.8327496,7.331394,3.7645273,3.2045789,4.3877892
t101,-1.8522668,3.4665222,11.644887,7.589839,6.75052,3.925722,2.6993682,6.113838,5.0621247,5.2349796,7.425501,3.9053242,7.852837,1.3913422,5.304294,4.1908607,3.32376,5.1614017,4.5242805,6.8105254,6.557154,4.7989583,4.5895157,6.011386
t102,10.944811,11.838296,6.431368,7.4839077,9.805648,6.59939,5.027223,4.914578,4.2145886,8.385893,4.832559,6.2334723,6.2548246,5.04062,2.833902,2.741713,3.2674758,6.774722,2.9829783,5.2605796,1.4056873,3.073567,4.549436,6.3005066
t103,9.989634,-1.2941111,6.4689765,10.465291,7.1144395,3.3575733,3.366324,4.238647,5.270706,9.195356,3.3358984,2.6402285,5.6390114,3.5592926,4.7785654,5.8153625,4.352511,6.012496,4.5759163,6.179433,5.135759,4.8724704,5.748688,3.04579
t104,-4.278855,4.7780776,-1.5353131,8.14212,7.4666147,3.2376652,3.7339342,5.995312,7.253968,4.0034122,4.5613637,3.054791,8.135952,2.5073972,6.121823,7.9941225,5.219791,3.3308156,2.4702601,3.8237705,7.3365555,3.628455,3.246023,4.254011
t105,-3.9979177,4.5050244,-1.3089621,8.442003,7.8100696,2.9320917,3.4698868,6.2744503,7.2148566,4.4013414,4.6858864,3.1333678,8.551129,2.1411285,5.7142344,8.098807,5.3100343,3.2583427,2.3407,3.91086,7.3291316,3.753401,3.2582603,4.372773
t106,-4.280602,4.780164,-1.566756,8.182028,7.5094743,3.22552,3.7360802,5.9920244,7.278621,4.0375056,4.515207,3.0035055,8.189306,2.4594786,6.083892,7.960488,5.199881,3.3834083,2.517998,3.781172,7.2822647,3.5796936,3.2865684,4.208563
t107,10.577041,-0.51961106,7.079185,11.158311,7.812576,4.309524,3.0980022,4.7308702,5.2890296,9.230121,2.9833415,2.2054253,5.5402117,3.7221098,4.83931,6.3164325,4.5360208,5.4164295,4.3528557,6.527291,4.998527,4.7967367,5.3100996,3.3705997
t108,10.158535,-1.1273079,6.605889,10.372279,7.066135,3.652434,3.4075396,4.339674,5.0958214,9.258144,3.350028,2.6872025,5.4513116,3.5731208,4.9534893,5.8693895,4.3487854,5.8151517,4.523607,6.0571194,5.042549,4.7579756,5.782928,3.1567206
t109,-2.6261568,3.1107671,11.434233,7.1715574,6.21185,4.7035327,2.2613277,5.9531236,4.380148,5.4497724,6.7840643,4.6479855,6.926324,0.94817483,4.9782257,4.443199,2.7442963,4.3373947,3.922387,6.047167,6.690217,5.310179,5.094399,5.9382224
t110,10.045489,-1.2365406,6.514475,10.450272,7.108374,3.4585557,3.3726237,4.2744446,5.2290306,9.200035,3.3375347,2.6510282,5.5867167,3.5785205,4.8241086,5.849177,4.352392,5.946506,4.558625,6.1493154,5.1126304,4.8411255,5.7541347,3.0788379
t111,9.601523,-1.7188364,6.1045775,10.417323,7.097043,2.7916546,3.1973486,3.849736,5.593272,9.254639,3.1908326,2.442565,6.140649,3.2370217,4.437941,5.407041,4.2556324,6.483636,4.7851086,6.530528,5.45241,5.2424917,5.666468,2.8627994
t112,10.103564,-1.180198,6.554613,10.416643,7.084129,3.5205333,3.376136,4.3108263,5.167282,9.211957,3.3405397,2.6788442,5.520451,3.5972736,4.8927674,5.873864,4.3677044,5.890597,4.536549,6.1208563,5.0708094,4.781509,5.7601094,3.1154215
t113,11.858181,6.419592,6.9325304,7.162704,1.7823899,5.9655313,4.7123003,5.9015083,4.8379664,6.789477,4.7993164,4.4983883,5.8814936,4.4108524,3.9399323,4.185348,6.068799,4.5001564,3.7862267,5.7596517,5.2127705,4.118992,5.6060424,6.7923236
t114,-4.099444,4.6061234,-1.4070687,8.408569,7.750723,3.0303555,3.5572727,6.1570473,7.2792296,4.290532,4.6236663,3.053668,8.48315,2.2155957,5.8233423,8.109021,5.330728,3.2979822,2.3925836,3.8294857,7.3197637,3.7000039,3.242461,4.3188396
t115,-4.2436895,4.7473416,-1.5184395,8.236517,7.564498,3.1697683,3.7014225,6.0322065,7.275595,4.097275,4.548266,3.01741,8.255748,2.4066954,6.0233655,7.993676,5.2300615,3.358828,2.4852252,3.7959843,7.2905,3.61154,3.274288,4.240271
t116,9.934917,-1.3576043,6.4048533,10.463564,7.106891,3.2841673,3.353052,4.1657763,5.319427,9.224867,3.3212254,2.64954,5.6616983,3.5224752,4.7789235,5.7550325,4.3043413,6.07002,4.633496,6.2208953,5.1435304,4.875611,5.7598658,2.981301
t117,-2.4222121,3.211501,11.49854,7.3496456,6.6803913,4.593462,2.3330016,6.0726643,4.442888,5.4784083,6.876894,4.5639215,7.302676,1.1970555,5.0507812,4.2168503,2.4955518,4.384761,4.381926,5.9005365,6.6601987,5.272211,4.9531817,6.366026
t118,-2.0910861,3.3414237,11.600911,7.4614916,6.77445,4.158427,2.7410738,6.0580187,4.867039,5.1713185,7.219771,4.110161,7.5907297,1.4467053,5.1666474,4.2191877,3.0537121,4.877888,4.4724245,6.493949,6.6064577,4.825021,4.692175,6.334462
t119,9.539357,-1.7557733,5.98163,10.636528,7.096647,2.5442727,3.339471,3.933325,5.8534684,9.247128,3.284551,2.4141417,6.0576158,3.2862296,4.387704,5.333909,4.182841,6.5935454,4.763622,6.5205135,5.282385,5.1724515,5.6996803,2.6289783
t120,-4.123829,4.62974,-1.3393346,8.417789,7.757489,2.9874532,3.5909774,6.164373,7.235272,4.339777,4.685946,3.047909,8.503463,2.2139502,5.774568,8.108941,5.3288794,3.2421434,2.3400507,3.8311965,7.2937255,3.7550213,3.2610085,4.382987
t121,-4.1372867,4.6475806,-1.3919216,8.385749,7.7229123,3.0232542,3.6017144,6.142875,7.258268,4.2808366,4.64293,3.045877,8.456073,2.2477849,5.8359118,8.085941,5.309283,3.2841408,2.3882835,3.8247874,7.303787,3.706548,3.2514448,4.333097
t122,9.491279,-1.8753992,5.9101753,10.397153,7.07463,2.6288724,3.1068518,3.7972507,5.7214127,9.3207445,3.1271143,2.366537,6.320542,3.0884347,4.3284216,5.221321,4.2130766,6.6480083,4.887988,6.729987,5.5534954,5.345561,5.6055555,2.7776144
t123,-2.4171317,3.220773,11.510282,7.3461604,6.666592,4.5747223,2.3827543,6.039409,4.4611244,5.4274178,6.8846235,4.54725,7.298583,1.2408656,5.0205836,4.224773,2.5391307,4.411736,4.367655,5.941907,6.650372,5.220905,4.957824,6.3606706
t124,9.646496,-1.6434416,6.1266255,10.456911,7.1006765,2.7587168,3.2489266,3.7973886,5.6584044,9.266161,3.235629,2.5145826,5.946167,3.3625085,4.5301623,5.4885774,4.2713633,6.406993,4.8025823,6.429658,5.3411837,5.0916824,5.7160773,2.7244964
t125,-1.7107438,3.5384252,11.637813,7.6653075,6.6535163,3.8049445,2.5641243,6.1351333,5.111897,5.358386,7.509646,3.851175,8.013736,1.2644793,5.366607,4.148564,3.4660122,5.3171787,4.4972763,6.9507737,6.489687,4.886718,4.6031227,5.7189384
t126,-1.7198426,3.5282314,11.623968,7.666201,6.6366234,3.81631,2.5490222,6.1300297,5.082169,5.3669505,7.481793,3.8748314,8.015591,1.2540102,5.3541493,4.138539,3.452253,5.311305,4.476483,6.928374,6.480942,4.906864,4.6304955,5.6756997
t127,10.90636,11.782969,6.4136267,7.5242715,9.849713,6.6019,4.978978,4.8490634,4.156487,8.430373,4.8040156,6.2794952,6.2113066,5.0351944,2.764123,2.8040862,3.195542,6.7508388,2.985447,5.2186656,1.4109026,3.117058,4.5223384,6.231144
t128,-1.6686226,3.544274,11.60727,7.680054,6.5986314,3.7712953,2.4972126,6.1236534,5.0890183,5.4152246,7.503246,3.8699856,8.067748,1.2034041,5.3564267,4.108636,3.502031,5.3618684,4.4610467,6.962843,6.4406796,4.9457498,4.650629,5.629117
t129,-1.6877029,3.5486367,11.635074,7.674778,6.634157,3.7868173,2.5332973,6.1365805,5.120439,5.3820457,7.524593,3.8423042,8.041933,1.2383494,5.3739486,4.138457,3.486994,5.3420506,4.4927015,6.97083,6.4731483,4.90767,4.612822,5.662058
t130,-2.2283092,3.3008747,11.549859,7.412534,6.578432,4.3387575,2.4856384,6.04668,4.672267,5.3502192,7.07869,4.319921,7.436134,1.2342821,5.114558,4.2461963,2.8956933,4.6989355,4.3101053,6.30959,6.6146474,5.074862,4.8498025,6.126848
t131,10.772761,11.59336,6.470682,7.561923,9.900994,6.6249986,4.8828726,4.758621,3.9452157,8.637339,4.6744084,6.307221,6.131945,4.93899,2.5630634,2.8495853,3.0386984,6.7141223,2.9639175,5.161753,1.3621517,3.345634,4.490289,6.190784
t132,-2.6350791,3.0910075,11.416822,7.1622806,6.1789584,4.715321,2.2341683,5.936746,4.3640876,5.445987,6.768073,4.667348,6.9032083,0.9107466,4.9557085,4.4584017,2.7423487,4.3151317,3.890704,6.030839,6.690831,5.3287115,5.120642,5.903373
t133,-2.6753705,3.0573545,11.371448,7.13252,6.211851,4.7620153,2.3227673,5.8926044,4.3170424,5.3580256,6.7205777,4.693461,6.902661,0.9761529,4.946006,4.4786344,2.7850688,4.323931,3.920668,6.0922203,6.762012,5.2345457,5.1130166,5.957348
t134,10.827198,11.636281,6.4662914,7.565276,9.821844,6.604991,4.7837415,4.789864,3.9678168,8.585571,4.7204266,6.299607,6.1158123,4.9792457,2.569157,2.8268824,3.0762239,6.742718,2.9511476,5.190773,1.4127774,3.312601,4.570059,6.20656
t135,10.940336,11.809992,6.423249,7.5343685,9.824326,6.5840354,4.943891,4.853131,4.1530814,8.387134,4.8365903,6.284472,6.187132,5.0554643,2.765027,2.7816768,3.2257102,6.7438307,2.9955993,5.2105417,1.4223062,3.1191466,4.5485,6.247601
t136,10.964031,11.828104,6.441104,7.531251,9.781811,6.5740666,4.9269104,4.8672686,4.1626625,8.3720255,4.8509274,6.2766047,6.184322,5.0611854,2.7764788,2.7480376,3.251852,6.748028,2.9958541,5.2207947,1.4249785,3.1104386,4.5841193,6.2820644
t137,-2.4278154,3.2170577,11.484798,7.394818,6.4470716,4.552137,2.4523032,5.955205,4.4851937,5.2922616,6.8640213,4.4740086,7.22637,1.3274612,4.9850335,4.2497044,2.742671,4.464287,4.164615,6.0891542,6.648976,5.108361,4.9545794,6.213113
t138,-2.4617364,3.2250552,11.519541,7.325511,6.4714975,4.5826035,2.444373,5.921463,4.4682174,5.2947383,6.8709574,4.549726,7.2075577,1.2537519,4.9427843,4.3085575,2.6943145,4.440071,4.1822114,6.041763,6.6708794,5.1269712,5.00804,6.200365
t139,10.560612,-0.5661558,7.0238404,11.2294035,7.850833,4.261908,3.152167,4.711917,5.2533646,9.1624155,3.0402763,2.2593284,5.6054335,3.7724972,4.80281,6.264448,4.475564,5.4285297,4.288857,6.4718676,5.064692,4.8476586,5.364012,3.320227
t140,-2.6611886,2.9961348,11.322983,7.1520867,6.142215,4.7733655,2.207199,5.8462367,4.273432,5.402442,6.6733694,4.739371,6.8548307,0.88928914,4.918719,4.486701,2.7099981,4.3230476,3.8506014,6.0479155,6.7460046,5.341675,5.183874,5.8812966
t141,-2.4003172,3.2306154,11.526992,7.3125772,6.661053,4.5291195,2.5382893,5.9781327,4.509435,5.2738185,6.914653,4.508701,7.3009806,1.3415089,4.9937825,4.269721,2.6347182,4.473954,4.3588924,6.023678,6.657965,5.055925,4.940474,6.360107
t142,-2.4527364,3.1970296,11.490502,7.2808204,6.5704703,4.579037,2.4776497,5.9768033,4.4619756,5.3193226,6.8693967,4.5448318,7.232316,1.2657138,4.9952745,4.3054485,2.6741102,4.4358273,4.273956,6.0493603,6.666906,5.115845,4.990179,6.264524
t143,10.836023,11.768676,6.408874,7.432848,9.955562,6.666831,5.1689196,4.9301143,4.210466,8.477712,4.753694,6.201142,6.3294573,4.9820414,2.8262925,2.8131564,3.191685,6.7979064,2.9589224,5.2796097,1.3590951,3.0748832,4.408596,6.252292
t144,11.42136,7.0040026,7.159835,6.5648365,1.6459874,6.001997,4.8729305,6.611747,4.863791,6.6847196,5.171792,4.2837753,6.4713926,4.8851867,3.5801177,3.3731315,6.199264,4.1804395,3.7807593,5.841998,4.7461896,3.9608445,5.1767325,7.253395
t145,-2.4020567,3.213208,11.481975,7.369586,6.691565,4.5936203,2.2521229,6.1341047,4.444044,5.552726,6.8890624,4.54659,7.3465214,1.1643126,5.1097326,4.2213945,2.4478722,4.376687,4.398713,5.8739996,6.6943398,5.3519,4.913841,6.3834653
t146,9.525706,-1.747088,6.0159025,10.502336,7.090365,2.705918,3.2497458,3.9187512,5.6719975,9.287924,3.2279305,2.4412098,6.104942,3.2801292,4.4310393,5.375475,4.170513,6.5245376,4.7345624,6.5418663,5.371157,5.1478834,5.652889,2.7831001
t147,-4.2822313,4.781215,-1.6100342,8.177716,7.504612,3.2285695,3.7379098,5.9900055,7.281019,4.0404944,4.4791613,2.9581172,8.192148,2.4607215,6.0815506,7.917988,5.1647034,3.4264078,2.566576,3.7354333,7.245321,3.5305953,3.3138492,4.159683
t148,-4.3243184,4.824785,-1.5728866,8.1418915,7.4705644,3.2557666,3.7810326,5.950516,7.281058,4.0364666,4.543465,3.0267606,8.1759615,2.4962087,6.0843573,7.9782968,5.2144957,3.3449516,2.4903462,3.80757,7.3160076,3.6090338,3.2584124,4.2395034
t149,9.61667,-1.6634046,6.0753074,10.507383,7.1359115,2.7765107,3.2414443,3.8028371,5.6728044,9.228471,3.2297575,2.5593803,5.9178057,3.415424,4.565467,5.5053473,4.239834,6.4284005,4.772638,6.4849534,5.314125,5.0685415,5.6929417,2.7030318
t150,-1.7192004,3.5591378,11.66027,7.6880546,6.693789,3.8024979,2.619987,6.143495,5.1405497,5.314534,7.5242467,3.8204763,7.992935,1.3133693,5.389072,4.156468,3.462095,5.3040967,4.5359464,6.957071,6.511951,4.837161,4.5625668,5.777521
t151,-1.764804,3.5148935,11.647047,7.6425014,6.703115,3.851861,2.626582,6.1289053,5.1037536,5.3016524,7.4829483,3.8595593,7.9520774,1.32342,5.3501754,4.170349,3.4124079,5.258473,4.5189013,6.90731,6.5267606,4.8352065,4.5849805,5.8221107
t152,10.762969,11.654124,6.429533,7.434416,10.050931,6.6665096,5.099719,4.8837247,4.0229645,8.574592,4.689775,6.227581,6.2861786,4.9446363,2.649182,2.8438337,3.0900054,6.7420545,2.978966,5.1898556,1.315824,3.2071111,4.3457365,6.2195086
t153,-2.7026546,3.0275016,11.351645,7.1005864,6.157557,4.7850327,2.2995594,5.8652477,4.2990174,5.359403,6.698308,4.7254415,6.8582563,0.92327756,4.923817,4.5154243,2.800107,4.3091407,3.866964,6.0977736,6.7629027,5.2463193,5.157841,5.899008
t154,-2.699986,3.0557992,11.393003,7.1094985,6.118485,4.7671003,2.2252314,5.9157906,4.3278975,5.448058,6.7302527,4.7108817,6.824943,0.8630293,4.9355063,4.5025163,2.7753158,4.275549,3.8297775,6.0373116,6.7066364,5.3353744,5.155607,5.862372
t155,10.772878,11.590435,6.469061,7.5416145,9.891122,6.6309714,4.8668833,4.778989,3.9413152,8.645055,4.672544,6.282878,6.148919,4.932869,2.5609355,2.862137,3.041011,6.73334,2.9536414,5.179424,1.3628883,3.3561847,4.506029,6.1910715
t156,10.814754,11.632706,6.4317894,7.5487757,9.84329,6.623364,4.8141565,4.803928,3.9679515,8.607206,4.7037783,6.2722917,6.1451683,4.9619374,2.5753214,2.8680437,3.0672705,6.7681017,2.935685,5.2124104,1.4050944,3.330596,4.556198,6.177257
t157,9.429581,-1.8612998,5.979265,10.496859,7.1416497,2.5720406,3.2499259,3.7675488,5.6908283,9.363067,3.2422292,2.257478,6.440136,3.0367565,4.200279,5.1497073,4.2068424,6.634141,4.7382793,6.55856,5.4919677,5.346516,5.71423,2.8659072
t158,-2.2107177,3.3050137,11.556886,7.414429,6.607937,4.3148785,2.5234938,6.047723,4.6999607,5.3244634,7.099515,4.2926073,7.45715,1.2647295,5.122501,4.244835,2.9141846,4.723351,4.3354,6.333694,6.6141863,5.038809,4.8294587,6.156244
t159,-2.2498195,3.2721014,11.525903,7.406268,6.5463,4.3611617,2.4396338,6.0624394,4.650964,5.3934646,7.058795,4.3326554,7.417715,1.2293441,5.1214557,4.242862,2.8706176,4.6794667,4.2819657,6.2902417,6.635682,5.1186604,4.8597865,6.1556144
t160,-2.6593518,3.0063334,11.346828,7.1605296,6.096294,4.7613764,2.1730494,5.8587055,4.301623,5.4628134,6.708916,4.741961,6.8122144,0.82869804,4.8928595,4.478976,2.719337,4.298587,3.8194442,6.0017605,6.680515,5.380384,5.189599,5.8680024
t161,9.441881,-1.8455129,5.959286,10.427574,7.0994153,2.5858188,3.215868,3.812263,5.736115,9.32193,3.2020235,2.3144245,6.3127255,3.1177528,4.2734737,5.2172604,4.1515107,6.6454754,4.8013077,6.609136,5.519545,5.308255,5.6301117,2.791532
t162,9.449461,-1.8597851,5.9464884,10.440608,7.10364,2.5848024,3.1942024,3.8034475,5.7318,9.329631,3.1916869,2.3200083,6.333996,3.0983121,4.27385,5.2043343,4.1782365,6.649317,4.8132696,6.6325808,5.5170026,5.3242455,5.6417184,2.7939665
t163,9.551645,-1.7446063,6.053569,10.464715,7.1046376,2.7331078,3.228603,3.8756645,5.6426845,9.284963,3.213862,2.4141438,6.1670575,3.2273397,4.4047256,5.361753,4.215914,6.513145,4.755273,6.5302505,5.423953,5.211114,5.6779885,2.8258238
t164,9.787616,-1.5072441,6.2781615,10.474977,7.1036005,3.0559688,3.3082817,4.0905533,5.445442,9.23411,3.2816477,2.5369425,5.8845587,3.4090462,4.608644,5.610098,4.285273,6.2430553,4.6604457,6.336,5.259666,5.019047,5.7248526,2.9388168
t165,-3.4056995,2.574774,10.84082,7.399513,5.7363214,5.5032825,1.6689454,5.7641635,3.8109925,5.0495305,6.0420647,5.00531,5.9939003,0.9976499,4.7994413,4.052814,2.9606776,3.5401692,3.7071629,5.5675263,6.8781657,5.700236,5.402678,6.365419
t166,11.905236,6.4472275,6.971897,7.1673226,1.7670323,6.0006003,4.7552886,5.8549175,4.815046,6.744817,4.839452,4.476698,5.8852963,4.3677125,3.8976734,4.2426677,6.117042,4.4512563,3.8307185,5.7811003,5.266664,4.102604,5.6229367,6.809023
t167,10.801407,11.75706,6.3679686,7.440476,10.026492,6.673256,5.2366166,4.9082966,4.197457,8.509951,4.723269,6.2078586,6.3490214,4.9661107,2.8217428,2.8715136,3.156527,6.7843895,2.961969,5.258147,1.3581871,3.1024082,4.3480744,6.198312
t168,10.734622,11.660876,6.3694606,7.4319906,10.053276,6.7108884,5.133963,4.901799,4.053919,8.65214,4.6452546,6.1810546,6.330751,4.902303,2.6860738,2.9210038,3.0783494,6.8113647,2.9240453,5.262213,1.3322948,3.2737463,4.357805,6.153874
t169,-3.3293803,2.5559077,10.8612175,7.3439026,5.75843,5.4292564,1.7182939,5.807377,3.8271735,5.126461,6.091219,5.0628595,6.0666547,1.0814489,4.870401,4.135482,2.91478,3.6159558,3.6863642,5.508002,6.79297,5.77955,5.321429,6.2877717
t170,-2.432369,3.2094152,11.489401,7.3570375,6.646811,4.6139917,2.2117932,6.1152034,4.423776,5.593997,6.8680377,4.574534,7.2962804,1.1080507,5.0689673,4.207486,2.4717605,4.3539414,4.347128,5.888395,6.661898,5.3915715,4.961126,6.321406
t171,10.696938,11.640449,6.3271527,7.4400196,10.064864,6.751732,5.1524005,4.9004335,4.065527,8.722818,4.5922275,6.157727,6.351416,4.8556304,2.699263,2.9711893,3.0375462,6.8517423,2.8781781,5.3048234,1.3355112,3.3216555,4.3442945,6.092978
t172,10.738898,11.672271,6.410699,7.3973665,10.056279,6.717225,5.1613517,4.933234,4.0748262,8.622146,4.6585517,6.164658,6.351672,4.903866,2.7091835,2.8673232,3.1074536,6.8089924,2.9344876,5.260782,1.307186,3.225563,4.355149,6.2034726
t173,9.109594,-2.184811,5.783675,10.197949,7.0074673,2.2807064,3.1564581,3.538838,5.914262,9.394322,3.1971357,2.3064218,6.6095386,2.8916495,3.9829817,4.918427,3.9934595,6.9786587,4.975558,6.7920594,5.706539,5.614498,5.5171294,2.6504066
t174,11.427489,7.0484104,7.1470537,6.5213656,1.7172666,5.9751453,4.847586,6.6418905,4.915643,6.755559,5.1775312,4.233405,6.4313774,4.922485,3.5838902,3.3384595,6.1505117,4.193567,3.8154404,5.813193,4.7830358,4.0402956,5.192903,7.1752415
t175,8.79352,-2.5076306,5.804162,10.030033,7.0245724,2.0496051,3.1024694,3.3680646,5.9049206,9.4776125,3.1932595,2.3100317,6.7814083,2.818412,3.7486527,4.7459393,4.088887,7.2425656,5.0862336,6.896391,5.76931,5.8344884,5.5320725,2.6113985
t176,9.750808,-1.5413127,6.213161,10.487327,7.1073227,2.9713554,3.2756186,3.963307,5.527039,9.226548,3.2574294,2.5778909,5.8497014,3.4449377,4.634664,5.6052184,4.2715807,6.2814045,4.702581,6.3785243,5.2506323,4.9993706,5.7211046,2.8356023
t177,9.716227,-1.615765,6.1768827,10.45943,7.138641,2.8944697,3.257186,3.886041,5.5514255,9.214095,3.2588456,2.5857086,5.8703074,3.4237492,4.615503,5.557881,4.294679,6.3765507,4.82882,6.4243016,5.303261,5.0438724,5.716759,2.744369
t178,9.456773,-1.8457102,5.999526,10.513189,7.156026,2.596109,3.263634,3.7702863,5.6694803,9.371982,3.2553394,2.250014,6.4292054,3.0372994,4.2059364,5.153624,4.2270255,6.610168,4.7231007,6.541877,5.468593,5.3448095,5.7268014,2.8823783
t179,9.407542,-1.9041905,5.933786,10.49219,7.1384025,2.5374238,3.1912422,3.7356436,5.7159004,9.367651,3.2078357,2.2626824,6.473235,3.0064883,4.18438,5.1156607,4.2233806,6.674894,4.7871175,6.622894,5.519778,5.3881555,5.699331,2.8450277
t180,-2.4387522,3.231494,11.508181,7.3926325,6.6149116,4.6367636,2.1865332,6.1646442,4.404469,5.618565,6.867754,4.5810895,7.295259,1.063464,5.108332,4.2265334,2.4539485,4.3260217,4.3197904,5.8616934,6.7152243,5.4135804,4.937441,6.299815
t181,-3.3839772,2.5549324,10.834846,7.3788157,5.7328763,5.4825544,1.6798987,5.7822704,3.8111525,5.075093,6.0511518,5.0442977,6.0058475,1.0193734,4.825396,4.0695977,2.9413857,3.5619557,3.6863396,5.5242124,6.8564067,5.742207,5.3761115,6.3456907
t182,10.607436,-0.47938398,7.068468,11.211045,7.8415737,4.346033,3.1038356,4.7501626,5.2592807,9.207037,2.9813569,2.2003944,5.554675,3.7554703,4.849525,6.3160725,4.520819,5.4069285,4.328642,6.5233145,5.022424,4.801245,5.305246,3.3673215
t183,10.5524235,-0.5913685,7.0024295,11.241772,7.882235,4.236573,3.1730313,4.7218566,5.2876625,9.142945,3.061843,2.2809505,5.616048,3.7551951,4.776104,6.243237,4.455033,5.411557,4.2762694,6.451495,5.084295,4.8670936,5.385594,3.2991097
t184,10.757417,11.619643,6.3607364,7.513024,9.864145,6.692593,4.7861176,4.868083,3.9700575,8.679609,4.6342554,6.2131095,6.210675,4.8945217,2.5845027,2.913938,3.0181165,6.8232336,2.8786488,5.273059,1.3926749,3.393059,4.569581,6.1204433
t185,10.822252,11.646977,6.4289236,7.5470695,9.828188,6.6186166,4.782339,4.8199196,3.9824536,8.596822,4.7166343,6.269528,6.142162,4.974725,2.5823653,2.8426187,3.0805502,6.776619,2.9325495,5.2250056,1.4189613,3.3143039,4.5778646,6.192003
t186,-3.4047465,2.5701914,10.837537,7.4420652,5.728209,5.5057464,1.652321,5.7032495,3.8472238,5.040069,6.0706196,5.0062485,6.055736,1.0257978,4.7802763,4.1098137,3.0168092,3.5372329,3.6885455,5.5396156,6.8565907,5.7457113,5.393451,6.3475513
t187,9.636592,-1.6152849,6.065423,10.480489,7.1255217,2.846403,3.1892743,3.7538674,5.659352,9.216207,3.1824062,2.5853474,5.903635,3.4662726,4.6164722,5.55161,4.215956,6.3808517,4.734189,6.5094557,5.305737,5.0273476,5.647825,2.720776
t188,9.060285,-2.2036686,5.7608614,10.21281,6.987728,2.2243924,3.2012823,3.5369215,5.942029,9.356379,3.1620119,2.273955,6.655862,2.8659897,3.9419608,4.860008,3.9439516,7.0425262,4.973902,6.8268423,5.7212806,5.6454225,5.5019054,2.636006
t189,9.057763,-2.211889,5.7516356,10.203307,6.9832296,2.2278142,3.197213,3.5328667,5.9507055,9.359694,3.1654198,2.283794,6.65153,2.866689,3.9426217,4.8661103,3.9426992,7.0414453,4.989163,6.8292046,5.732557,5.648072,5.4899035,2.6274283
t190,11.424063,7.0850997,7.1339126,6.4767227,1.6769817,5.973797,4.9079895,6.6311793,4.881418,6.7572966,5.1697016,4.2296643,6.4351897,4.946436,3.5909839,3.3360417,6.1479692,4.1854234,3.827765,5.8222475,4.7210517,4.02085,5.1820745,7.2776475
t191,-1.6458734,3.5609457,11.6081705,7.6992927,6.5989637,3.7461786,2.5000455,6.1262074,5.1068497,5.4188814,7.521261,3.8503761,8.08654,1.2033448,5.369799,4.097979,3.5273018,5.384592,4.468756,6.989359,6.432833,4.9392934,4.639634,5.621108
t192,-2.3410878,3.2487733,11.517813,7.3605185,6.492557,4.458715,2.3704307,6.0532236,4.573582,5.429995,6.9902296,4.422781,7.3098617,1.1306983,5.0919213,4.279175,2.8048887,4.568389,4.2193327,6.1993184,6.6450806,5.1972485,4.9163923,6.08925
t193,-2.3399558,3.2482982,11.523763,7.331815,6.518396,4.445286,2.4775336,6.0022097,4.5890937,5.3296814,6.994887,4.4194555,7.3140655,1.2180898,5.0600758,4.2973576,2.8265867,4.5901384,4.240369,6.215254,6.6424875,5.0934525,4.920504,6.1149955
t194,-1.6894321,3.5368826,11.643791,7.6640854,6.634862,3.7889247,2.5359094,6.150998,5.1258225,5.3819766,7.5302296,3.837215,8.042939,1.2389951,5.378375,4.14271,3.4844,5.3413363,4.491142,6.969669,6.4742703,4.9064274,4.6058846,5.660992
t195,-1.5839665,3.610359,11.601559,7.760501,6.633553,3.6822968,2.5398464,6.1083922,5.168433,5.392226,7.5651355,3.783392,8.147562,1.2398014,5.3943176,4.0423717,3.5905936,5.4469733,4.519532,7.055841,6.403516,4.8852315,4.6115103,5.6378226
t196,-4.292499,4.7944646,-1.5486956,8.1785965,7.5064406,3.2226684,3.7501526,5.983402,7.28059,4.0519705,4.5415874,3.0284688,8.201576,2.4612074,6.0690894,7.9858627,5.222532,3.3543196,2.4905076,3.80774,7.308324,3.6075754,3.2636764,4.237542
t197,-4.328089,4.8265,-1.5844826,8.131703,7.4592037,3.2682822,3.783623,5.9472036,7.282882,4.0031104,4.5230274,3.022128,8.1444845,2.5068395,6.1182933,7.964342,5.200692,3.3628783,2.506669,3.8037744,7.306145,3.592715,3.2720926,4.224277
t198,-2.4568222,3.1985416,11.4760475,7.349024,6.3681536,4.5624733,2.3961942,5.953411,4.4885535,5.3169785,6.8744044,4.496355,7.161577,1.2090639,4.9910364,4.3040833,2.8020291,4.466183,4.0890236,6.1257253,6.668834,5.1575046,4.9812274,6.1097836
t199,-2.4943104,3.2015662,11.486261,7.3446693,6.360376,4.6087146,2.3826551,5.907067,4.447952,5.3017163,6.837138,4.5507684,7.144188,1.2074436,4.938409,4.3242445,2.7490878,4.4219584,4.0848126,6.0660877,6.684643,5.169946,5.0209928,6.1197186
t200,9.646288,-1.6337914,6.115418,10.505901,7.097429,2.8008502,3.2419739,3.8537614,5.6287007,9.241729,3.225769,2.5384686,5.990262,3.379414,4.5587587,5.522832,4.251956,6.3766885,4.714002,6.4408965,5.2999606,5.064334,5.719741,2.7788093
t201,9.661537,-1.6290629,6.124445,10.497151,7.100811,2.8093362,3.2425187,3.8459108,5.6316133,9.238649,3.2298243,2.5479786,5.9557757,3.393413,4.5701623,5.528054,4.2578197,6.38059,4.7443056,6.438159,5.2965417,5.056678,5.717036,2.7551568
t202,11.412988,6.9431405,7.109805,6.629523,1.6807094,5.9868684,4.760185,6.5945706,4.939497,6.7546296,5.147496,4.3287888,6.4094954,4.8139353,3.622775,3.4269001,6.1469307,4.217088,3.7402625,5.7388616,4.845096,3.9646206,5.197472,7.1909146
t203,11.421498,6.9900084,7.1059637,6.574539,1.6615216,5.963628,4.824416,6.5812864,4.8933525,6.76555,5.130278,4.298298,6.408525,4.868333,3.6385736,3.4108279,6.135208,4.2257314,3.7647393,5.7595735,4.7713957,3.9986749,5.1985993,7.233218
t204,11.414511,7.0109344,7.1459565,6.5507197,1.7049112,5.9904585,4.83853,6.6148524,4.9105425,6.7383523,5.1615825,4.2430215,6.440655,4.9169006,3.612227,3.3828616,6.1639314,4.190742,3.8128233,5.813006,4.767024,4.000769,5.1760106,7.199983
t205,8.98769,-2.2782373,5.7744684,10.17052,7.0187397,2.1730106,3.182663,3.4970763,5.9306436,9.378776,3.1807482,2.2999566,6.6695824,2.8766406,3.8973174,4.8411484,3.9537752,7.094753,4.9946404,6.818535,5.709351,5.692416,5.5225096,2.6546786
t206,9.079083,-2.18678,5.7665677,10.226621,6.9693274,2.2410808,3.2165508,3.5542114,5.9375944,9.339999,3.1453457,2.2612722,6.656235,2.8598917,3.9607801,4.8569727,3.9409683,7.0243216,4.9657683,6.8386254,5.716287,5.627294,5.501102,2.6269832
t207,9.599366,-1.6714689,6.011619,10.597578,7.076407,2.6452034,3.2496147,3.9345345,5.812989,9.288063,3.2352211,2.4726865,6.0494475,3.3124065,4.463755,5.3976336,4.180025,6.472932,4.7831163,6.501788,5.2949333,5.0698323,5.6791787,2.6125164
t208,9.542673,-1.7462639,6.000421,10.598309,7.0897083,2.5960097,3.3011918,3.9648979,5.806302,9.272429,3.2592487,2.4265466,6.091592,3.2716897,4.405881,5.3510504,4.1783843,6.5519695,4.747738,6.5136924,5.3131127,5.150394,5.6947684,2.6697931
t209,10.66533,11.628961,6.3535366,7.35674,10.129372,6.8095303,5.230371,4.9664683,4.0669684,8.747531,4.5775237,6.1025147,6.4248886,4.832402,2.698355,2.9851937,3.0341763,6.8754,2.8750696,5.3302813,1.2720575,3.3058307,4.276402,6.106254
t210,11.928953,6.4076104,6.9485536,7.2037425,1.7622528,6.027787,4.7584705,5.8316336,4.835285,6.728024,4.817217,4.493568,5.8453054,4.3441534,3.913696,4.269188,6.116537,4.4642453,3.8505375,5.8147492,5.291958,4.0713215,5.654246,6.827732
t211,11.957197,6.3557186,6.9484124,7.2614183,1.7798537,6.048013,4.753091,5.791956,4.820387,6.712014,4.7863016,4.491447,5.7873383,4.3192625,3.9380639,4.306596,6.108598,4.484839,3.8684633,5.834699,5.325038,4.0559883,5.6823835,6.8229804
t212,9.490454,-1.8796973,5.948668,10.376564,7.1299,2.6811826,3.096537,3.7688322,5.6476684,9.332524,3.1511307,2.3357062,6.365083,3.0490065,4.3117,5.2140627,4.245521,6.6303663,4.8703985,6.725422,5.587004,5.3919964,5.650859,2.842228
t213,9.4890175,-1.8607228,5.9299207,10.40537,7.0840282,2.6355374,3.1299531,3.804612,5.7092867,9.320574,3.1440175,2.3435512,6.328369,3.0875936,4.312024,5.220078,4.207415,6.639431,4.8622894,6.7022657,5.5494285,5.3422394,5.6143103,2.8003268
t214,10.57652,-0.5245184,7.0621405,11.247514,7.8788066,4.300303,3.1209998,4.7312126,5.279141,9.184909,3.0047994,2.2200677,5.5858264,3.7573733,4.8137894,6.305051,4.5039816,5.414919,4.3129635,6.510263,5.0400295,4.8232145,5.3251185,3.3457327
t215,10.557616,-0.48029146,7.0886774,11.237079,7.846222,4.330427,3.0651145,4.6918087,5.2434177,9.1814785,2.9793768,2.1814055,5.59421,3.7748964,4.870354,6.3524733,4.5313716,5.4605274,4.3075547,6.54588,5.0464325,4.76562,5.2907424,3.4026241
t216,10.755192,11.686286,6.485908,7.358189,9.994656,6.7445664,5.113634,4.9874926,4.0873494,8.6098175,4.6601944,6.1194367,6.379219,4.8782325,2.7291934,2.7684243,3.1542642,6.8508215,2.9059286,5.2941666,1.2844876,3.2278457,4.4299765,6.291728
t217,10.640068,11.626552,6.3216743,7.3631816,10.179361,6.8125434,5.2852626,4.9542007,4.0826244,8.747504,4.555516,6.1079226,6.444788,4.81664,2.716924,3.0218487,3.018257,6.872789,2.870742,5.3256316,1.2737595,3.3024337,4.2292414,6.0749273
t218,10.695636,11.670001,6.332654,7.4163475,10.13307,6.7501316,5.245581,4.899846,4.072733,8.68091,4.6108685,6.1691775,6.3822994,4.8750567,2.7058623,2.9978704,3.0487483,6.8135304,2.9221513,5.2669506,1.3112196,3.239994,4.2692614,6.0940413
t219,10.6858,11.662743,6.3445253,7.379766,10.166959,6.7670417,5.2870727,4.9327903,4.0824356,8.679574,4.6058145,6.1484523,6.409327,4.868407,2.7167802,3.0040693,3.051487,6.8201303,2.924119,5.2744336,1.2824563,3.2279317,4.2343264,6.0984435
t220,-3.3524134,2.611736,10.884553,7.392846,5.778897,5.4539347,1.7014184,5.7401853,3.8886,5.1015177,6.121857,4.9925942,6.09352,1.1050618,4.8424993,4.161437,2.9760852,3.5892017,3.7362876,5.5579076,6.7868724,5.7542343,5.331819,6.2871594
t221,-3.372165,2.5855033,10.860952,7.393039,5.7558117,5.4719787,1.6880263,5.7544365,3.8474174,5.0807157,6.0821867,5.012827,6.04315,1.0506306,4.8249536,4.1072874,2.966307,3.5715697,3.7129922,5.550031,6.829463,5.737594,5.360552,6.3210783
t222,11.431802,7.0583377,7.061138,6.5050282,1.6788478,5.90656,4.829208,6.620369,4.925884,6.8584666,5.1341677,4.2737665,6.354594,4.8945146,3.6341603,3.3524187,6.05815,4.2312837,3.7848032,5.7151523,4.7909765,4.064189,5.226024,7.2874517
t223,11.43197,7.003993,7.087904,6.5730157,1.615145,5.956271,4.843982,6.5661535,4.8598957,6.76044,5.1239405,4.3390036,6.400544,4.836863,3.6283872,3.4044673,6.1311445,4.2487755,3.730449,5.736032,4.76057,3.9900603,5.213112,7.273566
t224,11.965398,6.413496,6.943559,7.2219357,1.7224267,6.066831,4.7975597,5.800644,4.850667,6.689403,4.8335323,4.5015388,5.8274755,4.3072076,3.8856826,4.3040376,6.150262,4.4385767,3.8894362,5.8547173,5.3275113,4.0305004,5.6890655,6.8682275
t225,11.920909,6.4158177,6.9505377,7.1930466,1.7655491,6.01967,4.7555523,5.8412023,4.8353786,6.7357836,4.822845,4.492271,5.856314,4.352757,3.9115517,4.261306,6.1150265,4.46178,3.8430982,5.8072286,5.2830677,4.079542,5.6446657,6.8231006
t226,11.452572,6.9326377,7.035591,6.656105,1.6223478,5.909355,4.760805,6.482688,4.8454638,6.806241,5.0439563,4.4136114,6.323653,4.758715,3.7113879,3.4924397,6.0795493,4.3517632,3.6603444,5.640643,4.798745,4.0542216,5.261493,7.1292
t227,11.455762,6.937839,7.0292406,6.6654553,1.6005774,5.926844,4.7647104,6.4667926,4.8268657,6.778881,5.0392847,4.435825,6.32552,4.738425,3.7078571,3.4955113,6.0919185,4.363096,3.6515868,5.638212,4.7931576,4.0294213,5.260653,7.1476364
t228,-2.7069635,3.0386047,11.3755,7.109628,6.1043487,4.7786846,2.209809,5.9037595,4.313082,5.446582,6.71497,4.7242055,6.8090653,0.85272354,4.927417,4.505561,2.7669015,4.266593,3.8165216,6.030213,6.709829,5.348463,5.1669703,5.855657
t229,-2.7098238,3.042935,11.376064,7.1021056,6.120871,4.7782598,2.239758,5.8986225,4.3155546,5.421297,6.7144036,4.7171807,6.8213673,0.8738564,4.9352875,4.509335,2.7871437,4.280246,3.8307838,6.0537286,6.7266307,5.317272,5.161992,5.862831
t230,10.736882,11.643698,6.448701,7.395109,9.9645815,6.6510415,5.0920444,4.937366,4.1139684,8.638711,4.7093625,6.148847,6.299833,4.9580674,2.747217,2.782955,3.1659422,6.8275166,2.940367,5.303952,1.343922,3.2239568,4.471843,6.2899017
t231,10.701317,11.623012,6.4998517,7.3372107,10.044814,6.6593246,5.1815095,4.9628296,4.133794,8.620693,4.702173,6.1398096,6.3359613,4.952456,2.7587664,2.7510355,3.1564422,6.7923236,2.9701252,5.27393,1.2878186,3.147427,4.388321,6.3171077
t232,8.763733,-2.521563,5.7555623,10.002862,7.004896,1.9930792,3.090117,3.3197315,5.964107,9.489907,3.2061865,2.321628,6.8353605,2.8030071,3.7026353,4.684613,4.0128274,7.2989798,5.0944467,6.8995047,5.7913914,5.8879447,5.494529,2.5858493
t233,8.741346,-2.553691,5.833709,10.017603,7.065269,2.0041468,3.0530202,3.3281462,5.87948,9.523666,3.2398815,2.3395898,6.8116555,2.855885,3.7197447,4.723768,4.105599,7.291509,5.0477676,6.8525205,5.730051,5.868055,5.566499,2.6496212
t234,-2.4614487,3.2259316,11.514986,7.3710284,6.587106,4.6336594,2.1950111,6.103967,4.4004245,5.606715,6.8440986,4.5923142,7.246378,1.0813042,5.0313845,4.203187,2.5027285,4.341133,4.2852554,5.9109106,6.645012,5.40496,5.0024233,6.253539
t235,-2.4776683,3.2375336,11.519468,7.3814807,6.566838,4.6705313,2.1532173,6.1481338,4.3693705,5.627853,6.8299356,4.6093984,7.2552915,1.0462291,5.0807066,4.258977,2.4578831,4.2999434,4.270816,5.8580503,6.7249455,5.4438324,4.9687843,6.253464
t236,9.572457,-1.7311031,6.013171,10.639498,7.107764,2.584332,3.343244,3.97758,5.831599,9.245629,3.2896996,2.4843261,6.0017085,3.337491,4.4557757,5.4026403,4.202158,6.551121,4.7594275,6.4857445,5.242047,5.120083,5.720112,2.6038475
t237,9.579489,-1.7058159,6.003184,10.648617,7.063125,2.5805528,3.3091745,4.05204,5.8562956,9.299901,3.2649245,2.4506016,6.0365934,3.3022501,4.446099,5.38309,4.1678333,6.514567,4.736476,6.49147,5.268808,5.0900445,5.7034774,2.6278932
t238,8.735518,-2.562332,5.8541265,10.0127125,7.0796804,2.0056458,3.047974,3.3324525,5.8570538,9.527882,3.2399735,2.343875,6.801336,2.86559,3.7163804,4.734495,4.1302476,7.2922626,5.0527163,6.8499684,5.7174854,5.8682556,5.5849323,2.6637237
t239,8.772259,-2.5249124,5.8220515,10.046029,7.0400734,2.035513,3.082029,3.3558946,5.8852925,9.498187,3.2205358,2.3126047,6.79071,2.8352914,3.7526073,4.74948,4.1150765,7.257678,5.0377355,6.8693314,5.749301,5.833716,5.5496526,2.6289787
t240,10.672307,11.6477,6.3801866,7.347648,10.161525,6.778736,5.2961216,4.9644327,4.093375,8.680438,4.6021714,6.1204553,6.429211,4.854489,2.7281675,2.9537187,3.0671968,6.8384132,2.9118433,5.2922893,1.2594088,3.231482,4.2461877,6.141881
t241,10.60035,11.58871,6.333979,7.3307915,10.191605,6.8377533,5.245974,4.9840636,4.0425005,8.776123,4.5212708,6.0748644,6.465803,4.7815537,2.681097,3.017887,2.9864614,6.9019403,2.8424275,5.35345,1.2506772,3.3352015,4.233149,6.071738
