,0,1,2,3,4,5,6,7,8,9,10,11,12,13,14,15,16,17,18,19,20
t1,-0.036061116,0.010222234,0.74371487,-0.33296588,-8.58981,-0.9085334,4.645705,11.508282,-1.3777239,-2.3521914,-0.008274048,-0.28671926,8.268516,-0.029268492,-3.1563237,-0.17083752,-1.0815309,-3.4895241,4.130692,3.0454292,-0.42242673
t2,-0.06676207,0.037972018,0.15966332,-0.34140828,-8.510866,-0.90298444,4.538342,10.112015,-1.4703107,-1.3663071,-0.0069845035,-0.27482477,6.8974185,0.016859502,-3.9914687,-0.1982412,-0.9511202,-3.7065947,6.150364,2.1440442,-1.8284444
t3,-0.02598075,0.008896641,0.75259924,-0.29351014,-7.4565086,-0.7914525,3.9943209,9.833352,-1.1920202,-2.0661185,-0.0035839074,-0.27528334,7.08965,-0.014589877,-2.633437,-0.1521367,-0.94712335,-2.8829653,3.5010173,2.5804572,-0.2734642
t4,1.2487135,0.014432744,1.0651476,-0.30664343,-8.4428,-1.4479767,5.0896688,11.373609,-1.4459662,-2.2376676,-0.007905752,-0.46547025,7.3533473,0.8981645,-3.438699,-0.19516352,-1.0728595,-2.691872,3.9421365,2.450562,-0.93199015
t5,-0.08583322,0.046008933,8.192688e-05,-0.32448202,-8.174086,-0.7492769,3.8175302,8.601232,-1.4434329,-0.8679079,-0.002990043,-0.35048813,6.0864673,-0.01142724,-4.0897536,-0.19123536,-0.8561245,-3.8035696,6.614917,2.2353802,-2.0675411
t6,-0.02411986,0.009304044,0.8235074,-0.32413426,-8.259099,-0.9222776,4.3809676,11.1469145,-1.316488,-2.260039,-0.002740702,-0.26672575,7.8869095,-0.025427679,-2.9748313,-0.17084303,-1.0543587,-3.2879975,3.9134495,3.0488048,-0.32309225
t7,-0.011419127,0.0076935124,0.7803355,-0.2777003,-7.0683494,-0.79343677,3.7540922,9.571839,-1.1351377,-1.9549773,-0.0039489353,-0.22345106,6.79272,-0.019283248,-2.5058353,-0.15130055,-0.9094698,-2.7440712,3.31688,2.6013677,-0.2118358
t8,-0.07014122,0.0052212956,0.21203203,-0.25190175,-6.61677,0.61010885,2.7963085,8.066717,-1.055358,-2.518406,1.2582871,-0.3503357,8.667907,-0.021199638,-2.2138386,-0.10248939,-0.79520404,-3.0111907,3.5683753,1.2776265,1.7863744
t9,-0.043029882,1.4613492,1.8386595,-0.40358114,-9.023466,-2.363785,4.3123746,15.656967,-1.1807861,-1.792101,-0.036287397,0.39723882,6.7208266,-0.18029226,-2.3939037,-0.16933644,-1.2136846,-3.9950445,2.4089634,7.4481406,0.15410957
t10,-0.0723758,0.003971594,0.00035908498,-0.19400758,-4.8881335,2.0260441,1.4680566,5.492552,-0.7705744,-2.0902567,1.9175538,-0.28606892,7.168297,-0.032662068,-1.4530319,-0.05813409,-0.5395528,-2.4747903,3.0331962,0.19918257,2.4672723
t11,-0.059191894,0.008245596,0.43334198,-0.29019853,-7.6140585,-0.19276483,3.8433065,9.563002,-1.1971601,-2.6136274,0.6117765,-0.367441,8.857855,0.0074496977,-2.7213695,-0.13692203,-0.93620956,-3.2086506,3.8924549,1.924749,0.592586
t12,-0.04826658,0.0046596415,0.34636936,-0.19033264,-4.7959876,0.43169236,2.0616658,5.951333,-0.76760453,-1.7757391,0.81715035,-0.2611896,6.2395673,0.110367596,-1.6368486,-0.082484275,-0.5825756,-2.0098665,2.6432924,0.8173457,1.2979898
t13,-0.03419681,1.6941539,1.7498931,-0.38504848,-8.586386,-2.5278828,3.9650564,15.777946,-1.0289583,-1.4649415,-0.03895663,1.0125034,6.077658,-0.2066194,-2.214658,-0.1746049,-1.148133,-3.8643832,1.9545517,8.028694,0.3653166
t14,-0.028717048,1.6985421,1.6756651,-0.35442933,-7.944163,-2.4435637,3.6184137,14.967928,-0.9179724,-1.24049,-0.037232228,1.3077621,5.456077,-0.20896704,-2.000949,-0.16725175,-1.0644789,-3.589963,1.698024,7.860855,0.5626393
t15,1.275638,0.015566688,1.803784,-0.23623957,-6.057243,-1.4817386,3.81129,9.367556,-0.974693,-1.4604317,1.3350219,-0.61593276,4.378571,4.2075906,-2.869188,-0.17422707,-0.6334841,-0.25618201,3.4628305,0.33220416,-1.1962572
t16,1.2329046,0.016102014,1.8322164,-0.2517115,-6.3913865,-1.5356662,3.9326515,9.773912,-1.0287865,-1.5769746,1.3871708,-0.65925705,4.543136,4.1451664,-2.9865162,-0.18052042,-0.68163216,-0.3274545,3.573068,0.49395257,-1.2186705
t17,1.1691927,0.01518404,1.8081846,-0.18513447,-4.828211,-1.3814856,3.0210373,8.180005,-0.74277663,-1.0448418,1.7092505,-0.50525284,3.534392,5.1919165,-2.4795358,-0.15149127,-0.42374834,1.0354098,2.979738,-0.0967002,-1.2256384
t18,-0.11047545,0.08449961,0.0006337163,-0.27473953,-7.6051617,0.007297486,1.5979415,2.5384514,-1.4026641,3.4035106,0.7515458,-0.6074922,4.854871,-0.097129285,-4.707754,-0.1994568,-0.43976814,-4.839696,9.697589,3.1562371,-3.1984732
t19,0.23478924,0.013070458,0.0009614062,-0.05374235,-0.53872037,2.7190318,-0.0041055884,2.2008882,-0.41637096,-0.68931514,3.8389072,-0.18859515,1.4636179,-0.11758581,1.7766486,-0.01312039,2.250626,-0.3278838,1.8920593,-0.38309577,4.5488825
t20,-0.059481423,0.004006376,0.10229055,-0.22141078,-5.8450623,0.8362731,2.508152,7.009419,-0.90725464,-2.3460722,1.1274512,-0.32432914,8.037454,-0.03165316,-1.8365333,-0.08277937,-0.69214076,-2.7005064,3.0960853,1.106342,1.962716
t21,5.1107225,0.007465537,0.74450934,-0.10280728,-4.5592613,-1.430359,3.682765,5.718474,-1.0326197,-1.1740987,-0.04572462,-0.14671266,5.5871396,1.6257504,-2.0089772,-0.13876818,-0.6882174,-1.5286107,1.0224175,0.89043885,-0.8286517
t22,1.373228,0.012650463,1.6120367,-0.17906871,-4.7489276,-1.375669,2.9140747,7.7088633,-0.7631557,-1.0307944,1.491177,-0.49968445,3.3086238,4.6659446,-2.3575861,-0.14437364,-0.4413264,0.6959655,2.7381341,-0.058164507,-1.1271445
t23,1.3433112,0.012062949,1.6068219,-0.17165603,-4.5695753,-1.3547199,2.8376174,7.493191,-0.7232383,-0.9768127,1.5198454,-0.4816624,3.2018826,4.739911,-2.2692537,-0.1393263,-0.40689316,0.8924365,2.6571243,-0.0798279,-1.125154
t24,-0.09134108,0.0035657946,0.00018230246,-0.24282068,-6.4709606,2.3071563,1.681842,7.3630643,-1.1046798,-2.7211668,2.1970744,-0.37550545,9.416852,-0.05381415,-1.9535658,-0.08148269,-0.7553417,-3.2274754,3.7830837,0.73002166,3.4767163
t25,-0.09422698,0.013368228,0.0011021722,-0.2112537,-5.4868755,4.8558183,0.8508846,6.0131884,-0.7376021,-2.874697,4.5627327,-0.39642105,9.720204,-0.04922613,-1.659213,-0.059325296,-0.4754023,-3.2691987,4.647361,-0.1427479,4.076856
t26,-0.090805605,0.0133916,0.0012017208,-0.197947,-5.1885166,4.9633536,0.6685446,5.673467,-0.69176704,-2.7857602,4.631529,-0.3801512,9.392184,-0.05071921,-1.5454543,-0.05296654,-0.43600053,-3.1537137,4.515854,-0.15787001,4.1654105
t27,6.5716114,0.004306483,0.59445876,-0.026932893,-1.7065796,-0.80257773,1.4447879,2.1177256,-0.72038656,-0.056670886,-0.01472097,0.687615,4.0328674,2.2506785,-1.0551673,-0.10235919,-0.28081453,-0.26077712,0.18888527,-0.14003797,-0.53836066
t28,-0.028523054,3.7141786,2.0674922,-0.40599898,-6.828726,-2.8810577,2.1871321,13.396746,-0.44658226,-0.96201265,-0.057483792,-0.095759206,3.5983112,-0.27034453,-1.05641,-0.14176439,-0.95228845,-2.720727,-0.0041806516,9.355358,1.4055594
t29,-0.03046114,3.905755,2.1393542,-0.40813905,-6.3513927,-2.8734286,1.8305813,12.818472,-0.309527,-0.7871129,-0.053465664,-0.12541349,3.1158228,-0.281053,-0.8933512,-0.13601932,-0.9048078,-2.520387,-0.010753732,9.55621,1.3829505
t30,-0.102213845,0.020497289,0.0018101729,-0.16509314,-4.1194973,7.1961665,-0.013300657,4.600871,-0.5083602,-2.7736034,6.5416718,-0.38629803,9.47835,-0.07326462,-1.1129571,-0.033557054,-0.1967842,-3.0252748,5.003894,-0.35392627,5.373714
t31,-0.11542775,0.10346333,0.22704686,-0.17437355,-6.4414926,1.2734908,0.31482267,0.023020776,-1.2807162,7.7112694,1.207611,-0.62270033,4.1459346,-0.18824257,-4.250146,-0.16946223,-0.10876996,-4.82104,11.075799,4.4329386,-3.3697217
t32,-0.10151879,0.09684699,2.5349216,-0.04601755,-1.8641816,2.9981608,1.295184,0.08458745,-0.4670712,12.992111,2.0705469,-0.5061366,0.84803617,-0.32375035,-1.1319649,-0.16242917,9.511767,-1.218712,10.931509,3.9822292,-1.028982
t33,-0.10315469,0.10688605,1.3691427,-0.098037034,-4.6616054,2.5859807,0.3603653,0.06186451,-0.9763151,10.461189,1.139466,-0.58991134,3.2779064,-0.2716412,-3.2076316,-0.1598228,3.352389,-3.7686136,11.799798,4.69195,-2.48134
t34,-0.11931413,0.10400903,0.42114094,-0.15029475,-5.993367,1.6863955,0.084425375,0.0367282,-1.1944569,8.331567,1.1187402,-0.6180267,4.0208287,-0.20760834,-4.0045652,-0.1610777,-0.027552478,-4.6540976,11.079945,4.665138,-3.2115273
t35,-0.122157596,0.10551213,0.44386634,-0.1539662,-6.094736,1.6855862,0.045622118,0.03618541,-1.2196851,8.449353,1.2235599,-0.62709093,4.0796437,-0.211664,-4.062541,-0.16312757,-0.027019283,-4.7145963,11.252491,4.7052464,-3.276481
t36,-0.0758103,1.1587175,1.5964254,-0.28793827,-5.4987454,-2.438172,2.1377175,13.775529,-0.23923194,-0.0389787,0.10599072,3.0232697,3.7291958,-0.23883274,-1.5027142,-0.159379,-0.83178544,-2.8119397,0.4331313,8.299206,0.87400407
t37,-0.14339513,1.0859139,1.6623031,-0.2660685,-3.7899585,-1.9409533,1.1325533,13.260836,0.8875777,2.7224386,0.43848476,4.7801213,3.6820948,-0.21339245,-1.3083302,-0.15282674,-0.6377182,-2.3493097,0.08524936,7.9595904,1.2027396
t38,-0.11526559,2.0264273,1.651342,-0.22611696,-2.7584047,-1.6887257,0.28662363,11.355981,1.9509101,2.645104,0.32539842,4.436518,2.6196997,-0.19472748,-0.7502761,-0.12644647,-0.4703358,-1.6931913,-0.014422399,7.743096,1.1535788
t39,-0.08962342,1.242962,1.5377556,-0.2591157,-4.3815627,-2.2025044,1.5023603,12.698202,-0.020432025,0.99183,0.28160572,3.2738338,3.1689413,-0.22313188,-1.2260363,-0.14375608,-0.69445115,-2.3606014,-0.00087901653,7.8181925,1.1079742
t40,1.1838781,0.016580317,2.689854,-0.14906159,-3.9936717,-1.2547488,2.2130911,8.201083,-0.5526693,-0.6500105,3.0706015,-0.5191949,3.6223865,7.738859,-2.6387863,-0.16590288,-0.1712503,4.4872265,3.2864482,-0.33655313,-1.5277016
t41,6.75735,0.0055052033,0.44679588,-0.039550643,-2.7525446,-1.143869,2.366156,3.1554875,-0.8722152,-0.42532477,-0.033464734,0.37709302,4.8708506,2.11833,-1.4272149,-0.11729005,-0.44294944,-0.8759253,0.2682538,-0.056879994,-0.7358545
t42,7.0490284,0.0050722803,0.46370092,-0.028317,-2.0813456,-0.93405783,1.7968382,2.4551127,-0.7982536,-0.15460995,-0.025058573,0.709098,4.6560607,2.1900413,-1.1993939,-0.11123721,-0.3497837,-0.54504305,0.12610474,-0.09865781,-0.6221931
t43,-0.08223969,0.089793526,0.38535658,-0.11829869,-5.0173526,1.4862152,0.1664502,0.049812894,-0.989451,6.9964414,0.72615796,-0.6751349,3.106051,-0.16623746,-3.3651102,-0.13690373,0.084374085,-3.7981207,9.383429,3.8232648,-2.7714856
t44,-0.083088145,0.08989555,0.35008532,-0.12302074,-5.092182,1.4317935,0.17956145,0.04787342,-1.0020868,6.9040365,0.7329569,-0.6720116,3.1107752,-0.16276646,-3.4002867,-0.1383134,-0.009659777,-3.827643,9.359986,3.8037658,-2.794498
t45,-0.01736595,6.002419,3.1237905,-0.29442436,-2.6167595,-1.9357985,-0.047123834,8.142577,3.04123,1.1394502,-0.05312029,1.2202282,0.7539329,-0.23492174,1.9702774,-0.10603061,-0.46872765,-0.9443828,-0.051930577,10.579119,1.2321967
t46,6.5579014,0.004581643,0.5308058,-0.038861465,-1.9932398,-0.90307903,1.6985574,2.413389,-0.75979835,-0.16502419,-0.020274753,0.5085554,4.247637,2.3170881,-1.1615136,-0.10563984,-0.32443994,-0.46518934,0.2103782,-0.11559365,-0.6300335
t47,6.6823187,0.004975498,0.6578979,-0.033503875,-1.582949,-0.7587452,1.3301259,1.9926734,-0.73319507,-0.017959274,-0.016699662,0.5190095,3.9783673,2.3241878,-1.0306883,-0.10413588,-0.27300817,-0.19866574,0.15030797,-0.1366653,-0.4652007
t48,-0.114920646,0.10951783,0.9134049,-0.122916766,-5.4067626,2.3931413,-3.2788284e-05,0.05747989,-1.1083423,9.788491,1.1404862,-0.636107,3.9233613,-0.2618553,-3.6623752,-0.1605519,1.8844869,-4.3615584,11.894823,4.931347,-2.9516475
t49,-0.080988035,0.0029176765,0.0002713676,-0.13516618,-3.8507648,3.5295475,0.14736244,4.5692334,-0.79722255,-1.8358245,2.743353,-0.18672426,6.929557,-0.07350302,-0.9403582,-0.03982192,-0.39672562,-2.1375463,2.5804114,-0.049784914,4.268946
t50,-0.0870146,0.0015699556,0.00035320746,-0.17464635,-4.7376037,3.1688666,0.59010816,5.24512,-0.87397814,-2.1577451,2.3743165,-0.26323804,7.6969733,-0.061514728,-1.3091962,-0.048744977,-0.5290383,-2.5557237,3.118422,0.044508398,3.946234
t51,-0.11666732,0.10974856,0.90969527,-0.12508617,-5.420909,2.3952575,-0.00079190946,0.057436228,-1.1070732,9.839799,1.1633581,-0.64471483,3.9102411,-0.26357722,-3.6668952,-0.16169754,1.9455589,-4.37656,11.938145,4.9266157,-2.9380605
t52,-0.08476898,1.0893881,1.5446043,-0.27426043,-4.9605308,-2.394356,1.8024652,13.405449,-0.10019676,0.6310981,0.35218528,3.2418098,3.405976,-0.23720597,-1.3550745,-0.15380497,-0.77010804,-2.6089847,0.15020065,8.277569,0.9723248
t53,-0.08952076,1.1206306,1.5548398,-0.27294418,-4.8269386,-2.3551388,1.7058095,13.301358,-0.073133625,0.76693153,0.3592039,3.2907393,3.3732703,-0.23747063,-1.325116,-0.15175293,-0.7515181,-2.56155,0.10860354,8.214191,0.98811454
t54,7.952072,0.0069264704,0.8457712,-0.02807453,-1.153743,-0.67048204,0.8881366,1.7358018,-0.7893889,0.8174772,-0.017356617,0.61128426,4.2715073,2.3286824,-0.83444154,-0.11651362,-0.22805884,0.6806982,-0.0023051095,-0.15683009,-0.16553892
t55,-0.032595742,4.289481,2.3918302,-0.3526526,-4.567471,-2.548478,0.57354766,10.386311,0.4737952,-0.26275647,-0.046555735,-0.023609048,1.5666195,-0.27025497,-0.17607404,-0.119422704,-0.7039766,-1.8055952,-0.027773498,9.500256,1.8752422
t56,-0.02357609,5.8860784,3.0682175,-0.29408425,-2.6039164,-1.936717,-0.04698507,8.083168,2.939973,1.2364525,-0.05521731,1.17798,0.8420449,-0.23590522,1.9650574,-0.106108755,-0.46147108,-1.0049447,-0.051479187,10.370761,1.2929913
t57,-0.03442281,5.3821125,2.8907673,-0.38716382,-4.5910378,-2.6968675,0.13925499,10.746746,1.2235583,-0.2514868,-0.06310529,-0.09518889,1.4783804,-0.2981192,0.25144416,-0.12150846,-0.72936577,-1.6425847,-0.039947044,10.972075,2.0647933
t58,-0.035569668,4.94771,2.605685,-0.40095317,-5.1597347,-2.8467069,0.7087387,11.36578,0.48836926,-0.42299786,-0.06335541,-0.14573874,1.8513702,-0.3124666,-0.14818601,-0.12461979,-0.78616196,-1.876826,-0.03368081,10.667364,2.0037384
t59,-0.038046915,4.241537,4.980307,-0.18392786,-2.1581922,-0.764723,-0.0059940424,6.357604,-0.036933657,0.38316643,-0.04245861,6.041638,1.7999465,-0.064639166,6.064298,-0.014149413,-0.23920219,-1.8573248,0.2826288,7.1997375,1.6544617
t60,-0.11758658,0.096157104,2.6481237,-0.027733741,-1.4222449,3.135535,2.082685,0.066162854,-0.30987632,13.254162,1.6248116,-0.45136374,0.3299207,-0.27028078,-1.0497355,-0.16580471,9.992572,-0.8651854,10.779358,3.3799489,-0.50656104
t61,-0.05827049,8.084996,5.5145726,-0.31117108,-0.57541126,-1.4729925,-0.08541397,5.9250636,8.920317,5.5983114,-0.10217154,4.042762,2.4115803,-0.09315373,4.997643,-0.15876852,-0.3683638,0.35793194,-0.0877953,15.555696,-0.6264737
t62,-0.1726926,0.80944926,1.6399986,-0.28570068,-4.1047344,-1.958399,1.3160453,14.554901,1.0510578,3.4063385,0.6513137,5.889499,4.2210093,-0.21277516,-1.567919,-0.17362541,-0.6844532,-2.6135905,0.41072837,8.540787,1.1805782
t63,-0.26846907,2.654052,3.5945392,-0.22381486,-0.3312181,-0.8919515,-0.04056691,9.82984,7.6724973,8.382536,0.18770766,9.461524,4.878941,-0.07277829,1.6545477,-0.16173612,-0.21013585,-0.2921612,-0.055502437,11.909928,-0.9920128
t64,-0.040281683,6.325212,3.4569564,-0.3861708,-4.0697765,-2.599895,-0.023998901,10.265432,2.2613423,-0.040855765,-0.07014986,-0.06433887,1.0634301,-0.30578837,1.2703152,-0.123767465,-0.6880828,-1.3759917,-0.052290216,11.838453,2.037589
t65,-0.03834872,6.7451854,3.57386,-0.3725709,-3.6250143,-2.448182,-0.039843332,9.785028,2.841572,0.31609023,-0.07392908,-0.004147926,0.9579337,-0.3015318,1.9151434,-0.11915548,-0.6282997,-1.1845984,-0.05779007,12.0991535,1.8903577
t66,-0.054433636,0.036652293,0.004024489,-0.1940384,-1.4443592,10.4272585,-0.07880162,5.240848,-0.4645227,-2.3139856,12.530795,-0.70413,6.511556,-0.31464857,3.9225516,-0.024645912,7.3689566,-2.1614556,7.437202,-1.0599638,10.515616
t67,3.6168025,0.014827902,3.5501583,-0.1462394,-1.9251249,-0.630499,1.1399573,8.237181,-0.47319287,-0.046685062,4.5816116,-0.39916408,3.1477146,9.322574,-1.8401276,-0.18695378,2.297666,10.216267,4.3740597,-0.52967894,-0.48211518
t68,-0.2390651,1.2520323,1.7496178,-0.28042895,-2.7208686,-1.5445777,0.4684577,13.989978,3.5779536,5.3270464,0.90729296,7.328047,4.4721894,-0.16153,-1.2050171,-0.17127272,-0.48841655,-1.945158,-0.007504118,8.953743,0.5357899
t69,-0.048822563,4.382239,5.707108,-0.16911666,-1.8050256,-0.5611766,-0.009840733,5.689923,0.48828802,1.0606147,-0.052216977,7.3114886,2.159137,-0.052520853,7.7571926,-0.006762439,-0.1886121,-1.7735738,0.2682157,7.739312,1.171053
t70,-0.09560966,0.006738063,1.1399263e-05,-0.108605765,-3.0891888,3.9193056,-0.0073833787,4.326384,-0.94755834,-1.3945739,3.5336604,-0.13299409,5.7981005,-0.13540989,-0.39131248,-0.039919477,-0.21892339,-1.6115116,1.9564744,-0.18610144,5.424253
t71,-0.077400394,0.011214695,0.0003219632,-0.105428845,-2.3311412,3.9402163,-0.0125366505,3.9707677,-0.9632352,-1.0679564,4.5522356,-0.12319392,4.464986,-0.17201754,0.4441791,-0.04941567,-0.007041624,-1.1214781,1.8046423,-0.36466306,6.190249
t72,6.0455055,0.011836368,4.945396,-0.30179647,2.8794572,1.9751471,-0.017973347,9.149647,-0.089503005,4.656839,5.105813,-0.056258347,2.076168,12.79653,1.8229886,-0.28571075,5.985894,18.924519,4.7981277,0.25630966,4.3063297
t73,4.3187895,0.011509638,3.92268,-0.16031076,-1.18456,-0.3592292,0.9239413,8.107952,-0.35961822,0.8696344,4.607485,-0.24955946,3.1928775,10.07279,-1.3437513,-0.20287775,3.3388925,11.984777,4.3702073,-0.44370905,-0.15312861
t74,-0.07482976,0.030674951,0.0035513944,-0.18466154,-2.6604252,10.012478,-0.06205401,4.9434857,-0.43850568,-2.734599,10.314237,-0.58162737,8.832897,-0.21133856,0.37321433,-0.018211666,3.2135162,-2.8528092,6.8497725,-0.75836575,8.544318
t75,-0.07416932,0.030729953,0.0035463874,-0.18459907,-2.6630375,9.99777,-0.061731283,4.9455104,-0.4381842,-2.7326884,10.311615,-0.5790367,8.855196,-0.21058857,0.35651118,-0.018552175,3.193139,-2.856073,6.8315163,-0.7550947,8.54265
t76,-0.014058673,7.763277,4.121845,-0.34565336,-2.3921156,-2.060672,-0.06777793,8.204617,4.754689,2.020734,-0.08533277,0.9734241,1.0479203,-0.22483294,3.0459306,-0.12139456,-0.50007254,-0.7354499,-0.07068538,13.161664,0.8319467
t77,-0.077720694,7.9116316,5.552998,-0.3251435,-0.6952708,-1.5132478,-0.08254794,6.2792664,8.704555,5.755842,-0.11133368,3.745801,2.8756526,-0.104354575,5.01576,-0.16150524,-0.3724885,0.25434145,-0.0853408,15.886031,-0.5539706
t78,-0.02980187,7.273663,3.9236436,-0.3348375,-2.5666945,-2.0927947,-0.060921334,8.431767,4.08752,1.6185588,-0.0812585,0.6364994,1.1139612,-0.26380736,2.7129617,-0.117426604,-0.5018964,-0.7590238,-0.065004006,12.670061,1.2830582
t79,-0.11170454,0.09623239,2.3357708,-0.020263948,-1.8291721,3.1999326,2.0860858,0.06502427,-0.40374663,12.310364,1.1901572,-0.45095852,0.71940815,-0.24732263,-1.4053725,-0.16101316,8.848711,-1.2901609,10.730751,3.3611922,-0.67736363
t80,-0.17972596,0.11809845,3.9763777,-0.051955864,0.6265987,5.1516867,4.1798153,0.057433672,-0.07982381,18.443422,2.4240432,-0.29879314,-0.017636191,-0.41895866,2.1215413,-0.22752178,17.150103,2.5548875,13.675562,4.0156946,1.4537371
t81,-0.030897738,0.021963872,0.0008073998,-0.11526793,-0.5238035,4.029138,-0.019080859,4.5777044,-1.0643027,-0.43349707,8.049653,-0.2110301,0.81716776,-0.31403983,5.5595512,-0.062343117,5.895794,-0.017214816,2.6174774,-0.7507743,8.890651
t82,-0.06011364,0.012562509,0.00041135936,-0.10320669,-1.931087,3.978034,-0.013352546,4.0020943,-1.0086554,-0.94866544,5.2226534,-0.11622363,3.8316774,-0.1951705,1.3351866,-0.053636763,1.1531059,-0.87350565,1.8697215,-0.4480454,6.7150893
t83,-0.07805729,8.977218,5.9700665,-0.35181332,-0.85163575,-1.6029626,-0.095325254,6.5064,8.997836,5.647562,-0.12942567,3.3618703,2.614927,-0.12862045,5.259333,-0.17219165,-0.44890925,0.2899917,-0.09764321,16.9563,-0.44147232
t84,-0.04293159,4.189561,5.2305193,-0.17215988,-1.9155499,-0.684851,-0.010820221,6.118945,0.28755412,0.7305802,-0.043315172,6.599449,1.877239,-0.07281169,6.6448927,-0.010538396,-0.21678388,-1.741216,0.22811535,7.4266534,1.4257071
t85,-0.05333389,0.038770605,0.004170039,-0.21986699,-1.2867625,11.3550415,-0.09385329,5.727313,-0.5979979,-2.2705262,13.867361,-0.77506787,6.445289,-0.38041237,5.117067,-0.023161983,8.740123,-2.1965735,8.076599,-1.1871634,11.690772
t86,-0.09035015,0.03070855,0.0037786397,-0.20295763,-2.8616314,10.892083,-0.075555116,5.5049767,-0.47636893,-2.9253802,11.26257,-0.6396515,9.502536,-0.23825005,0.5381705,-0.011861114,3.6444645,-3.1105337,7.4075737,-0.81575894,9.183429
t87,-0.06112203,0.036939744,0.00422221,-0.21593864,-1.545165,11.320451,-0.093364544,5.6448717,-0.552335,-2.4331267,13.422943,-0.7524126,6.9369903,-0.34721506,4.3877835,-0.015788656,8.071087,-2.3296196,7.935393,-1.1238195,11.194807
t88,-0.017847983,7.973129,4.403183,-0.34048048,-2.1435888,-2.004673,-0.06893459,7.9785156,5.4273057,2.4679055,-0.09081285,1.2292163,1.1908531,-0.20669316,3.2970722,-0.12677026,-0.48813218,-0.5934969,-0.07366341,13.765657,0.5701808
t89,-0.05512428,4.7844877,7.1962414,-0.10796902,-0.41667542,-0.19664413,-0.022364536,3.7610164,3.921683,4.629112,-0.055467084,9.450281,3.3188303,-0.057574164,9.54402,-0.04561065,-0.12368788,-0.77905226,0.3244727,10.490571,-0.24675326
t90,-0.055330615,4.7196527,7.388157,-0.097989894,-0.10605698,-0.05275497,-0.031221448,3.5794947,4.5505657,5.4415045,-0.043755323,10.401691,3.5412896,-0.027037518,10.337815,-0.04984724,-0.1063699,-0.6633938,0.5640969,10.854553,-0.44179976
t91,-0.15337065,0.12309442,3.8349504,-0.02823607,-0.97527194,4.3540688,2.5417516,0.08507116,-0.39552155,17.942562,2.6715138,-0.32461953,0.26251706,-0.43594703,-0.42086932,-0.20021701,14.096794,-0.5741977,13.515791,4.4924192,-0.4554402
t92,-0.12098906,0.11755157,3.2396436,-0.033430416,-1.7135438,3.913527,2.154621,0.084353134,-0.54447585,16.244621,2.0910788,-0.3564605,0.9317006,-0.38658407,-1.0306199,-0.19131592,11.580058,-1.2960294,12.907605,4.393432,-0.8220992
t93,-0.047137834,0.018049423,0.00077339803,-0.10969125,-1.0953457,3.7369084,-0.0126813315,4.287917,-1.0439782,-0.59094894,6.7623825,-0.1524066,1.6112775,-0.2796319,4.2129297,-0.06218719,4.311608,-0.24654047,2.226367,-0.6537134,8.219059
t94,-0.03781727,0.026979404,0.00046538835,-0.124300435,-0.21605682,3.6140714,-0.005557684,4.8114905,-1.1417612,-0.11926803,8.422399,-0.24278621,-0.010451433,-0.36528438,6.670227,-0.07740177,7.1518593,0.877125,2.8304632,-0.8381058,9.450511
t95,12.819717,0.0048736604,2.0710561,-0.09896662,6.9608793,1.5272831,-0.07692533,0.005610102,-0.7807516,5.8573527,0.008405685,1.0523907,1.981974,3.9571536,3.3082058,-0.18630677,1.2295963,10.444265,-0.003392983,-0.02123058,5.7151995
t96,-0.05225763,0.036396194,0.0042004827,-0.19317302,-1.534023,10.570099,-0.080164984,5.338509,-0.48471197,-2.352292,12.65388,-0.7161971,6.730557,-0.33386132,3.8842027,-0.023256311,7.415272,-2.2565372,7.5662446,-1.0770525,10.587337
t97,-0.01696521,0.04854966,0.0037663516,-0.22362374,-0.1496556,10.169387,-0.08016347,6.0840583,-0.7717987,-1.4733831,14.917861,-0.9177949,3.17331,-0.47754112,8.032082,-0.064686224,11.429153,-1.2460587,8.216312,-1.3949469,13.554931
t98,-0.010958614,0.04707361,0.00410118,-0.22232507,-0.13141257,10.497737,-0.08655774,6.3040338,-0.7525599,-1.5008177,15.2692795,-0.93956363,3.4874442,-0.50406414,8.155665,-0.06642093,11.764003,-1.2982913,8.404813,-1.445069,13.889869
t99,-0.40510798,1.1952394,3.1819189,-0.26536304,-0.94313276,-0.72034353,-0.018077802,13.375003,8.13795,10.257559,1.063594,12.06077,6.6990995,-0.076535024,-0.5320067,-0.20456162,-0.28023735,-0.9152311,-0.024657717,12.314654,-0.97664744
t100,-0.0630512,0.042057388,0.0046390514,-0.20721057,-1.4092366,11.579397,-0.09132727,5.7918377,-0.45015028,-2.4465504,13.812469,-0.7935808,6.9385653,-0.36390582,4.6101546,-0.028125346,8.616872,-2.3570056,8.359172,-1.1836123,11.375544
t101,-0.060892176,0.03777341,0.00432967,-0.2229558,-1.5659407,11.7132435,-0.0977478,5.8589406,-0.55752295,-2.518082,13.874663,-0.780849,7.2055335,-0.36292744,4.5256147,-0.015910996,8.328709,-2.4205801,8.238686,-1.1592779,11.538824
t102,-0.0126940645,0.049916536,0.0037362436,-0.2239913,-0.17081401,10.181177,-0.07725742,6.1028185,-0.7756498,-1.4479288,14.739184,-0.9108433,3.2930753,-0.48508948,7.943986,-0.07022371,11.431175,-1.1907467,8.134019,-1.3777295,13.534904
t103,-0.04901864,0.037339646,0.00392094,-0.19351162,-1.4892776,10.324852,-0.075053014,5.189614,-0.51072043,-2.2899,12.298141,-0.6710979,6.468194,-0.31790507,3.9461591,-0.0263698,7.2254267,-2.1203551,7.272484,-1.0269932,10.408769
t104,-0.29034045,1.8929392,2.7893171,-0.2396905,-1.1130449,-0.91574645,-0.018480608,11.66959,6.3862586,7.5857334,0.5348808,9.153534,5.145213,-0.1193505,-0.40165088,-0.16177055,-0.28859818,-0.99132717,-0.023325894,10.666565,-0.49699858
t105,-0.35102358,1.753546,3.5115204,-0.2523087,-0.4734266,-0.6518366,-0.03286664,11.021534,7.969276,9.89199,0.5551831,11.098392,5.890575,-0.07342217,0.23416375,-0.18591069,-0.22905171,-0.54698205,-0.038427826,12.134349,-1.1084595
t106,-0.058330625,7.058746,4.6202188,-0.27241766,-0.96528673,-1.5220631,-0.077684134,6.626333,6.8991847,4.4121265,-0.08362036,3.488337,2.0973513,-0.097858794,3.7071464,-0.13930519,-0.34365493,-0.1830146,-0.07173709,13.315883,-0.18411948
t107,-0.07909058,9.2041025,6.142706,-0.3617512,-0.92553484,-1.6925435,-0.09506712,6.853696,9.293162,5.6246986,-0.13241956,3.3119414,2.600347,-0.15269451,5.280794,-0.17573367,-0.46572614,0.3217474,-0.10103219,17.598816,-0.46150944
t108,6.287174,0.008587616,5.087111,-0.30443308,2.615218,1.8897529,-0.017259426,10.195514,-0.07537839,4.5712633,5.908951,-0.0134785175,2.1900246,13.873942,1.2953056,-0.30102703,6.1344333,19.936039,5.431112,-0.026533976,4.584935
t109,5.680478,0.0065848106,4.8412924,-0.21820103,-0.17757514,0.36987785,0.3925803,9.496654,-0.21331584,2.7906642,5.354266,-0.108641535,3.1010747,12.53307,-0.67884535,-0.26057228,4.666612,16.57151,5.3021517,-0.26550004,2.3148332
t110,12.720233,0.0040875264,1.8794987,-0.100035414,6.963562,1.5446118,-0.07702094,0.003956389,-0.75941706,5.8771706,0.21434772,1.1017449,1.8861545,3.9152975,3.3808033,-0.18341036,1.2944354,10.242009,-0.0034944164,-0.027040828,5.7063675
t111,-0.048126202,9.030221,5.6594086,-0.3309267,-0.86158824,-1.6217753,-0.09453998,6.476976,8.945003,5.2828074,-0.122779466,3.4979212,2.265155,-0.11523966,4.9697185,-0.15999977,-0.42449734,0.22407205,-0.09694404,16.444487,-0.49123272
t112,-0.29754767,0.15672778,5.366946,-0.093971044,-1.115376,4.997406,2.8522718,0.08529977,-0.34505835,24.10366,5.224678,-0.29749316,0.67703956,-0.6509667,0.035075717,-0.26976234,19.559559,-0.27426073,17.302748,6.374537,-0.7044937
t113,12.603182,0.004982647,1.931964,-0.10258418,6.9125853,1.5468453,-0.07462262,0.0045105857,-0.7544775,5.863409,0.17237093,1.0993419,1.8754693,3.900083,3.3884516,-0.18378328,1.3158784,10.243644,-0.003928766,-0.021975305,5.6608
t114,11.946404,0.0056269905,1.6596373,-0.075593345,6.0212708,1.1361686,-0.06823417,0.009084649,-0.76359236,5.2849917,-0.0017002359,0.94124794,2.019809,3.3684042,2.4755037,-0.16510096,0.9688271,9.059166,-0.0053851404,-0.09499908,5.1769557
t115,-0.02960082,0.053164233,0.0045523974,-0.23449965,-0.155587,11.640597,-0.0967939,6.5506983,-0.6803461,-1.7015226,16.252811,-1.0119779,4.1198287,-0.5155705,8.390929,-0.06528263,12.63427,-1.5347377,9.184522,-1.5284209,14.341136
t116,-0.07830803,9.073889,5.976845,-0.35354796,-0.8465082,-1.6650751,-0.09664851,6.6804657,9.267589,5.598263,-0.1311253,3.3097851,2.6497982,-0.13134776,5.309163,-0.17251539,-0.4522483,0.39565286,-0.10294924,17.244387,-0.4969958
t117,-0.080648825,9.007607,6.0058627,-0.35319015,-0.85653424,-1.6612796,-0.09713591,6.714646,9.197048,5.6225944,-0.12812746,3.3199203,2.5742033,-0.13818762,5.239053,-0.17269638,-0.4537661,0.2882422,-0.10041483,17.256216,-0.46876657
t118,-0.44283894,1.0314854,3.340059,-0.28030822,-0.78708136,-0.6128459,-0.025996147,13.6046505,8.841391,11.326917,1.1830841,13.08866,7.160138,-0.06174148,-0.50513375,-0.21870807,-0.26796314,-0.85083205,-0.027938398,12.921545,-1.2180755
t119,-0.05109996,6.9715934,4.470319,-0.27330464,-1.1422664,-1.5868973,-0.07584276,6.8252487,6.464504,4.0456705,-0.08003208,3.2635407,1.9590199,-0.10886182,3.5698934,-0.13593891,-0.3597756,-0.24879754,-0.07007313,13.001188,-0.09190671
t120,-0.06712079,7.019448,4.874622,-0.27384746,-0.71472734,-1.440383,-0.08126641,6.3020654,7.6158247,5.113308,-0.08617325,4.0708284,2.554978,-0.06444929,4.1816926,-0.14505263,-0.31972784,-0.051629957,-0.07483341,13.765259,-0.41806096
t121,-0.058225114,0.03983577,0.0043674433,-0.23215458,-1.449962,11.978697,-0.09992312,6.022574,-0.6024577,-2.453768,14.346679,-0.8227747,7.03431,-0.39315245,5.0380907,-0.02163835,8.991395,-2.3898497,8.523416,-1.2204139,12.057569
t122,-0.0338741,0.04929861,0.004185537,-0.25656736,-0.48914093,11.916473,-0.10095469,6.6910686,-0.8063292,-1.8264467,16.160076,-1.0067773,4.7534432,-0.51656485,7.931323,-0.054307546,12.023023,-1.7666308,9.224316,-1.4834834,14.373218
t123,-0.08422417,9.172202,6.102705,-0.36619633,-0.9311202,-1.6734794,-0.094225444,6.783268,9.296322,5.6351585,-0.1353946,3.2934668,2.6600482,-0.15659957,5.3697376,-0.17472944,-0.46864402,0.30214414,-0.10173961,17.535196,-0.4725454
t124,-0.05120365,5.096666,7.94047,-0.106283665,-0.31058118,-0.106301926,-0.02272362,3.3499534,4.37451,5.2696743,-0.05429095,10.88941,3.666251,-0.026609542,11.385172,-0.046584498,-0.084436096,-0.76564854,0.44009975,11.281855,-0.45249736
t125,-0.051004443,5.0803514,7.890494,-0.10137153,-0.2979237,-0.10928596,-0.022225477,3.382857,4.419753,5.246064,-0.054608118,10.916315,3.7063158,-0.019143846,11.284334,-0.046758406,-0.0821993,-0.72460115,0.35739234,11.195495,-0.4700768
t126,-0.03220914,0.052944507,0.004561536,-0.23764023,-0.15473472,11.642905,-0.09577214,6.527126,-0.678402,-1.7029874,16.21729,-1.0098175,3.9912384,-0.5206158,8.517418,-0.06547898,12.667051,-1.5260596,9.247013,-1.529034,14.34849
t127,-0.041054264,0.050275512,0.0045421654,-0.23044002,-0.44767922,11.743596,-0.0956452,6.235866,-0.62056994,-1.879893,15.631132,-0.93801,4.82211,-0.48295176,7.6093445,-0.05530954,11.74523,-1.7542317,8.987619,-1.4436457,13.503
t128,-0.054748777,8.974184,5.71192,-0.33516085,-0.71626234,-1.5569597,-0.09730777,6.256251,9.281483,5.5812025,-0.12411841,3.7952712,2.3448226,-0.0935138,5.263375,-0.16312133,-0.4155607,0.36339507,-0.09790069,16.484035,-0.56235003
t129,-0.050647177,9.030675,5.7931213,-0.33188266,-0.71002907,-1.5450314,-0.0992039,6.1658454,9.292669,5.672637,-0.123775676,3.860749,2.3348334,-0.097076684,5.168414,-0.16524768,-0.41572824,0.3895143,-0.09690873,16.569223,-0.5897355
t130,-0.44856742,0.99586725,3.3130646,-0.28098866,-0.779197,-0.62373996,-0.024919262,13.725676,8.935514,11.360353,1.1923424,13.080339,7.2059517,-0.057229985,-0.5364868,-0.22053285,-0.2714418,-0.82511747,-0.029086813,12.958092,-1.2183287
t131,-0.24986276,0.14565538,4.2180095,-0.08199746,-1.9275174,4.5249195,2.1345901,0.08275603,-0.47447783,20.900064,4.462137,-0.34436288,1.2792708,-0.55481386,-0.8431297,-0.23827206,15.711126,-1.1560445,15.991102,6.124111,-1.1901937
t132,-0.0492464,5.072327,7.865588,-0.10177114,-0.2847634,-0.04974503,-0.02230378,3.3006022,4.3558855,5.2979918,-0.055834856,10.966491,3.6532054,-0.022693863,11.394292,-0.045309465,-0.08723038,-0.7544699,0.4859729,11.189905,-0.4480263
t133,11.777597,0.008672178,1.6959804,-0.05722157,5.010534,0.5990254,-0.058035504,0.006575452,-0.8472278,4.8888783,-0.0077353753,0.7611079,2.7121897,2.985505,1.3593513,-0.15785754,0.8180932,8.325448,-0.007732517,-0.22207546,4.167319
t134,13.531999,0.004201401,1.9136306,-0.09678982,7.0348034,1.3589821,-0.078728855,0.00679419,-0.83231354,5.9655886,0.1114908,1.3768833,2.0875628,3.9904888,3.2488565,-0.19194652,1.0250508,10.530938,-0.0048839343,-0.071381904,5.933005
t135,-0.023705725,0.05257362,0.004649919,-0.23336329,-0.14745572,11.654825,-0.0970118,6.56254,-0.6664991,-1.7154987,16.28089,-1.0155069,4.1377053,-0.51597786,8.359348,-0.06600309,12.69726,-1.5495392,9.2877865,-1.5435466,14.385943
t136,-0.023368418,0.05249859,0.00463084,-0.23296827,-0.14206953,11.614483,-0.097064674,6.5633082,-0.6646295,-1.7096623,16.338085,-1.0156796,4.105597,-0.51661265,8.415492,-0.06594508,12.67433,-1.5387746,9.2439785,-1.5441419,14.4179125
t137,-0.033091012,0.05353613,0.0046631736,-0.23413032,-0.14756514,11.595075,-0.09815913,6.572985,-0.68001354,-1.6752295,16.32104,-1.0081304,4.0162425,-0.52011603,8.584864,-0.065971054,12.783339,-1.5331969,9.176997,-1.5288615,14.271693
t138,-0.03165437,0.05309009,0.0046558683,-0.23333563,-0.14274031,11.570445,-0.09678379,6.5653396,-0.67595655,-1.6736945,16.273994,-1.0007879,4.0123053,-0.5197028,8.561069,-0.06655007,12.787783,-1.528758,9.184269,-1.5315084,14.268989
t139,-0.026640868,0.053285677,0.0045578466,-0.23371732,-0.16346502,11.58787,-0.09623244,6.5155044,-0.68527085,-1.7115194,16.237276,-1.0100322,4.090633,-0.5094948,8.337667,-0.06514911,12.555043,-1.5354913,9.172853,-1.5274471,14.314172
t140,-0.4531087,0.92486876,3.348991,-0.28064755,-0.7853479,-0.6254082,-0.02370676,13.827387,8.957862,11.47933,1.2580857,13.210442,7.2797184,-0.05725582,-0.5445095,-0.22171834,-0.2672806,-0.8305495,-0.027856711,12.9741335,-1.2262408
t141,12.995995,0.0056954673,1.9643555,-0.09917088,6.9893837,1.3983824,-0.07679014,0.0032313587,-0.7949247,5.858113,0.15191588,1.0594697,2.0714781,3.9428406,3.2952683,-0.18709204,1.2104934,10.472431,-0.0036187673,-0.04547558,5.774146
t142,12.98568,0.005984707,1.9521414,-0.1017817,6.9399357,1.387763,-0.075620756,0.0029717726,-0.79605293,5.837624,0.14916126,1.0505699,2.029668,3.91296,3.3303778,-0.18704483,1.2397773,10.448557,-0.0030559248,-0.051403545,5.777463
t143,-0.053376902,5.0984592,7.984303,-0.10911272,-0.32093084,-0.10805857,-0.02119537,3.5002546,4.4212394,5.347772,-0.052921973,11.125679,3.7534697,-0.029076548,11.54468,-0.045702744,-0.08081587,-0.80518657,0.4808686,11.342034,-0.47424477
t144,-0.03180437,0.028688408,0.00067770784,-0.12465144,-0.18074904,3.4861696,-0.0055435523,5.0445156,-1.1727587,-0.059970703,8.735558,-0.25541946,-0.014714953,-0.37963822,6.9266186,-0.08092131,7.5288315,1.0032631,2.9521067,-0.8722703,9.737846
t145,-0.03376935,0.03256457,0.00057212583,-0.13572176,0.109093934,3.2880764,0.07842041,5.5433736,-1.2054054,0.1858817,9.341528,-0.3017594,-0.026977645,-0.39875206,7.5921617,-0.089931756,8.449837,1.5760549,3.199936,-0.93041724,10.126803
t146,-0.03374541,0.05279294,0.0045804745,-0.2315741,-0.1645471,11.563398,-0.09780981,6.5659556,-0.6656417,-1.6992613,16.197094,-0.99064034,4.1406116,-0.51284045,8.394627,-0.064984374,12.612921,-1.5601197,9.108999,-1.5124984,14.14059
t147,-0.29380482,0.15764572,5.2798843,-0.09070638,-1.1445736,5.075918,2.7552762,0.08818302,-0.37048647,24.327202,5.357602,-0.29476604,0.7162161,-0.66315246,-0.027010545,-0.2720797,19.661695,-0.3370323,17.477211,6.427104,-0.74033946
t148,-0.05207168,9.09133,5.8006864,-0.33697978,-0.7887508,-1.6137758,-0.099467956,6.420939,9.247584,5.5946007,-0.12381234,3.733373,2.3211331,-0.11392522,5.0861707,-0.16466875,-0.425907,0.21671684,-0.09777454,16.74248,-0.5555993
t149,-0.29166046,0.15775745,5.350129,-0.089592256,-1.1806169,5.0252247,2.7510982,0.088616,-0.38119614,24.340208,5.2926435,-0.28754735,0.758358,-0.6658602,-0.035938933,-0.27271485,19.63173,-0.3659406,17.475681,6.5271473,-0.74298614
t150,6.37681,0.00915601,5.2769523,-0.3025229,2.4348109,1.7843895,-0.016866691,10.40981,-0.0809363,4.6196313,6.033511,-0.03670361,2.2959883,14.093922,1.0400413,-0.30358937,6.0675025,20.246328,5.5261593,-0.031522676,4.468071
t151,6.358715,0.009010907,5.2778,-0.3022028,2.43909,1.8017092,-0.016457317,10.3418045,-0.08482573,4.6419,5.973689,-0.03898498,2.2806644,14.062662,0.9689587,-0.30349013,6.0503244,20.221098,5.5322037,-0.03291632,4.4501753
t152,-0.04824663,0.049714155,0.0047317105,-0.22618403,-0.6290815,11.87203,-0.09746325,6.141813,-0.575405,-1.9920439,15.454337,-0.9155543,5.283919,-0.46551636,7.160681,-0.048738487,11.374104,-1.8977951,8.962574,-1.4087046,13.06179
t153,-0.032421857,0.053128853,0.004664714,-0.2352078,-0.17602211,11.645158,-0.09685924,6.5151153,-0.6571402,-1.718139,16.313662,-1.0227492,4.073781,-0.51962763,8.460711,-0.06316667,12.655653,-1.5609738,9.272507,-1.5311539,14.375075
t154,-0.29316142,0.15815291,5.3286715,-0.091157906,-1.1804835,5.017765,2.7372005,0.0872019,-0.38002825,24.391602,5.359543,-0.28802848,0.7387337,-0.66999125,-0.024566075,-0.27385697,19.689156,-0.36481246,17.537792,6.5223904,-0.7271843
t155,13.587719,0.0032697571,1.9348289,-0.09413699,7.070889,1.4074076,-0.080393985,0.008247564,-0.83139366,6.0244184,0.060999468,1.3825839,2.0796695,4.024464,3.2426383,-0.19175984,1.0324426,10.543869,-0.0052090837,-0.06658682,5.952431
t156,-0.049280953,5.1332874,7.8888297,-0.10270922,-0.2916996,-0.037709236,-0.021223303,3.331031,4.36156,5.2833767,-0.057647884,11.052802,3.6990793,-0.018390099,11.456686,-0.045255728,-0.08614012,-0.76404357,0.45643356,11.183336,-0.44315124
t157,-0.050955076,5.143307,7.898226,-0.10455806,-0.28953004,-0.043410257,-0.021701962,3.361885,4.4207497,5.3006024,-0.05685878,11.0549,3.6649444,-0.019594481,11.469137,-0.045826033,-0.088651516,-0.7680958,0.46039394,11.245868,-0.44167447
t158,-0.29245797,0.15850353,5.2987757,-0.090788215,-1.1829133,5.0343947,2.7590578,0.08701973,-0.37647438,24.399937,5.3360586,-0.28565162,0.7450283,-0.6675477,-0.029918553,-0.27450764,19.709398,-0.36591396,17.542543,6.5468874,-0.7201208
t159,13.591613,0.0035910355,1.9226245,-0.094631165,7.0564413,1.3973681,-0.08077697,0.0077001643,-0.83560574,5.9716344,0.07807955,1.3906064,2.0886772,4.019814,3.2710168,-0.19180733,1.0203657,10.51382,-0.0055879047,-0.06550587,5.93938
t160,13.613888,0.0036219633,1.9105858,-0.094832875,7.061541,1.3805246,-0.08034897,0.007147166,-0.8369222,5.9732537,0.08700845,1.3694139,2.0901387,4.011391,3.2797399,-0.19176027,1.043089,10.518268,-0.0053725597,-0.07095409,5.9695587
t161,-0.19959791,0.13769126,4.9935327,-0.044007488,-0.21893692,5.501613,3.5945895,0.08361164,-0.29516375,21.186832,3.282055,-0.28586802,-0.019704126,-0.54861605,1.8618386,-0.23614286,18.476439,1.3003992,15.746128,4.9208584,0.15050778
t162,-0.19823493,0.13745664,4.981528,-0.044037685,-0.22045074,5.4946833,3.5949564,0.08384708,-0.29210103,21.144453,3.2626233,-0.28509295,-0.01947389,-0.54613894,1.8599595,-0.23627624,18.456968,1.3034347,15.7194805,4.917309,0.12840304
t163,6.4019213,0.009429428,5.2974434,-0.30443957,2.3826718,1.7662373,-0.015654657,10.420944,-0.08650737,4.6166887,6.0252314,-0.049645413,2.2892375,14.088377,0.97077423,-0.30476883,6.087536,20.289135,5.583753,-0.034265086,4.4630494
t164,-0.16871256,0.11843612,3.7478297,-0.042613424,0.70236915,5.171018,4.2250648,0.053695034,-0.08736669,18.389563,2.3871927,-0.24723415,-0.009140808,-0.4026108,1.931707,-0.227542,16.990896,2.597221,13.433462,3.8497195,1.4834746
t165,-0.16750734,0.11826806,3.776549,-0.04429336,0.67455196,5.1856194,4.2334967,0.05463337,-0.09265759,18.38096,2.3363478,-0.25217834,-0.0097922,-0.4008809,1.8904479,-0.22852862,16.970015,2.6313636,13.4223995,3.8668728,1.4997798
t166,-0.05185568,9.190811,5.863045,-0.3380573,-0.7684329,-1.6233363,-0.100065075,6.4230666,9.439132,5.6827703,-0.12536365,3.805235,2.3442764,-0.104560286,5.2158666,-0.16723111,-0.42457694,0.29695424,-0.099244446,16.8952,-0.5832456
t167,-0.051260844,9.210608,5.8735104,-0.33851135,-0.77354765,-1.6265297,-0.10005786,6.43248,9.433928,5.6851034,-0.12589857,3.807965,2.357555,-0.10551414,5.2227697,-0.16723004,-0.42494372,0.29419813,-0.09942129,16.903425,-0.5816977
t168,-0.051104385,9.196355,5.87874,-0.33690864,-0.76642275,-1.6224388,-0.09932329,6.418372,9.432088,5.656495,-0.12568404,3.827978,2.3650491,-0.103336155,5.2465005,-0.16657868,-0.42313537,0.3156236,-0.0994958,16.875992,-0.58374786
t169,-0.084313005,9.1775,6.112899,-0.36840254,-0.9337703,-1.6869,-0.09565907,6.842576,9.319253,5.7191973,-0.1335107,3.3185256,2.6609173,-0.15915075,5.28729,-0.17649166,-0.47252673,0.31035766,-0.10141141,17.578396,-0.4782802
t170,-0.08401824,9.199488,6.1006193,-0.3683221,-0.93065614,-1.6830357,-0.095880635,6.822887,9.324068,5.7034097,-0.13466568,3.2996833,2.667682,-0.15759109,5.3029866,-0.17629237,-0.47256958,0.33429918,-0.10203304,17.578594,-0.48093098
t171,-0.27274558,2.4672616,3.515968,-0.20302077,-0.3530927,-0.9535176,-0.0424007,10.40932,7.7236204,8.452504,0.23874536,9.7403345,4.9499836,-0.066913426,1.2172143,-0.16080397,-0.1925307,-0.42933112,-0.053794987,11.829645,-0.95483804
t172,-0.27228624,2.490177,3.5286078,-0.20384952,-0.3516255,-0.9517132,-0.04249457,10.398553,7.7233186,8.449863,0.19835961,9.709615,4.9661098,-0.0678252,1.2227287,-0.16069628,-0.19398668,-0.42340505,-0.054099575,11.852242,-0.95383346
t173,-0.2721501,2.47074,3.5030997,-0.2034267,-0.34787858,-0.95057875,-0.042279415,10.384644,7.7251644,8.426243,0.20281017,9.695151,4.977323,-0.06575799,1.196729,-0.16065687,-0.19374599,-0.42849746,-0.054066822,11.814884,-0.95667636
t174,6.3682146,0.009625577,5.2894845,-0.30519557,2.3792732,1.7772213,-0.015496146,10.445428,-0.085603274,4.607557,6.037656,-0.050618824,2.277194,14.109107,0.9825303,-0.30453885,6.09136,20.292099,5.5787654,-0.0317222,4.487485
t175,6.3920975,0.009725251,5.2928944,-0.30600587,2.385152,1.786598,-0.015406738,10.427725,-0.089460075,4.6103272,6.0400076,-0.049849853,2.2828817,14.0866585,0.96164715,-0.3053595,6.0838547,20.310627,5.602835,-0.034627795,4.4895086
t176,-0.04003095,0.04786224,0.0042481325,-0.25924516,-0.66067886,12.182389,-0.102576226,6.617148,-0.78028804,-1.9548525,16.118204,-0.9836085,5.2856455,-0.50615555,7.5986104,-0.05021822,11.712117,-1.9165972,9.241598,-1.4595784,14.223518
t177,-0.028437117,0.052985232,0.0045317234,-0.23385322,-0.16418038,11.599917,-0.095527075,6.5551305,-0.68288773,-1.7203254,16.26433,-1.011258,4.0464077,-0.5121967,8.37813,-0.06404109,12.565023,-1.5304198,9.208084,-1.5287143,14.364833
t178,-0.028824298,0.05321778,0.004532727,-0.23347999,-0.16460313,11.594107,-0.0954808,6.555795,-0.68241453,-1.7157501,16.247114,-1.0118065,4.047715,-0.5123212,8.363113,-0.06418497,12.569926,-1.528639,9.2031765,-1.5259746,14.33817
t179,-0.03365954,0.05344176,0.004629545,-0.2363372,-0.18030332,11.676007,-0.09651291,6.5172367,-0.65796775,-1.720571,16.344011,-1.0228155,4.0640807,-0.5193624,8.497642,-0.06303755,12.66903,-1.5626183,9.285644,-1.5311934,14.411233
t180,-0.032485038,0.053357422,0.0046392772,-0.23598976,-0.18315859,11.667027,-0.096721746,6.5214806,-0.6586145,-1.7236573,16.355644,-1.0229803,4.083704,-0.5188181,8.480758,-0.06308876,12.662024,-1.5678043,9.281277,-1.5328912,14.401834
t181,-0.29196343,0.15857211,5.3149676,-0.08930385,-1.2000563,5.025321,2.7452083,0.08758104,-0.38097748,24.410263,5.3510885,-0.2815199,0.7784661,-0.6687429,-0.040430967,-0.27459842,19.682934,-0.38287,17.560335,6.58834,-0.7403435
t182,-0.20166874,0.1377115,4.991925,-0.042449996,-0.22779767,5.5215077,3.604527,0.08390485,-0.29140526,21.167723,3.2530856,-0.28568476,-0.019599438,-0.5482526,1.8615323,-0.23551579,18.487333,1.2637979,15.71744,4.9388633,0.10577807
t183,-0.20031297,0.13724062,4.9785776,-0.043065593,-0.22747794,5.5111947,3.5976741,0.08406151,-0.2892714,21.1673,3.2729084,-0.28531042,-0.019826818,-0.548068,1.8550795,-0.23611046,18.486776,1.2575341,15.742926,4.915449,0.11347303
t184,-0.03981148,0.047398154,0.004233586,-0.25790268,-0.6780895,12.152908,-0.10269736,6.5906043,-0.7874683,-1.955348,16.013105,-0.9735819,5.3287406,-0.50081605,7.4868793,-0.049084783,11.611974,-1.9272221,9.193159,-1.4504483,14.090729
t185,-0.036511797,0.048623987,0.0042138235,-0.26137233,-0.54296166,12.089339,-0.10310781,6.74154,-0.8167389,-1.8728249,16.302425,-1.0065329,4.9498653,-0.5177468,7.925937,-0.053713355,12.034409,-1.8217729,9.279348,-1.4862975,14.477668
t186,-0.03951356,0.054184593,0.0046598758,-0.23810308,-0.17484047,11.722489,-0.09787246,6.5820036,-0.6699047,-1.7044595,16.385487,-1.0187088,4.0301476,-0.5242217,8.646369,-0.06441934,12.827784,-1.5515171,9.270716,-1.5285292,14.325397
t187,-0.038784176,0.054273598,0.0046721734,-0.23816667,-0.17544977,11.725583,-0.09778759,6.582007,-0.67123616,-1.704504,16.387068,-1.0210207,4.033615,-0.52496123,8.642733,-0.06458734,12.842007,-1.5542444,9.283583,-1.5317134,14.33845
t188,-0.4594651,0.83644485,3.2992263,-0.2852823,-0.8171101,-0.63569313,-0.022939371,14.006441,8.981664,11.585951,1.3226714,13.297561,7.359429,-0.06185596,-0.595689,-0.2234198,-0.2666912,-0.8818295,-0.026580865,12.945166,-1.2294878
t189,-0.037478484,0.049093205,0.004237487,-0.2626654,-0.564671,12.145832,-0.10292492,6.7487125,-0.8039996,-1.8978757,16.373957,-1.0133576,4.9909363,-0.52025646,7.9435744,-0.05365758,12.037463,-1.8391986,9.332369,-1.4866118,14.5613575
t190,-0.29618898,0.15543942,5.175282,-0.095913306,-0.9620162,5.1657724,2.8198082,0.08407438,-0.3265091,23.68172,5.1214848,-0.30448267,0.5432207,-0.6232276,0.03202691,-0.26219252,19.228947,-0.18884414,16.959734,6.081669,-0.6805433
t191,-0.2955394,0.1553585,5.1722975,-0.09508285,-0.95758915,5.165949,2.8236237,0.08422896,-0.32636702,23.679083,5.123452,-0.30347642,0.54184043,-0.62300473,0.025040891,-0.26204804,19.219387,-0.18843393,16.95356,6.0714507,-0.6818064
t192,-0.2943365,0.1576276,5.2776318,-0.09241831,-1.158766,5.040251,2.7514005,0.088186376,-0.36931947,24.319735,5.323618,-0.2878719,0.7347084,-0.66538304,-0.0215026,-0.27311236,19.656813,-0.35811123,17.478994,6.488001,-0.732707
t193,-0.29424658,0.15767457,5.278489,-0.09211999,-1.1589625,5.0472956,2.7488577,0.08819224,-0.37016663,24.315804,5.324009,-0.2882838,0.7365593,-0.66516787,-0.02379268,-0.2729459,19.659313,-0.35956857,17.486511,6.483016,-0.7343986
t194,-0.03936845,0.05429273,0.0046883663,-0.23773089,-0.18083942,11.695338,-0.098291375,6.5958943,-0.6720996,-1.6965288,16.410313,-1.0174339,4.0280824,-0.5239391,8.650825,-0.06395615,12.82569,-1.5564903,9.260671,-1.5267416,14.312329
t195,-0.03921635,0.054220043,0.004686352,-0.237582,-0.17855185,11.693078,-0.09843344,6.5983987,-0.6730819,-1.6961718,16.40602,-1.0174211,4.0225883,-0.52387553,8.648645,-0.06381574,12.818447,-1.5547483,9.257712,-1.5260795,14.311307
t196,-0.4594795,0.84039825,3.2898924,-0.28579375,-0.8197121,-0.63413775,-0.02327848,14.015376,8.979821,11.600151,1.3232087,13.296452,7.355541,-0.06207374,-0.60299337,-0.22385433,-0.2681459,-0.88166064,-0.026534578,12.945814,-1.2280934
t197,-0.45976427,0.83207744,3.289211,-0.2857509,-0.81828105,-0.6321799,-0.023241596,14.0105505,8.980362,11.604738,1.3344575,13.306564,7.3545656,-0.06199049,-0.6047316,-0.22384182,-0.26762816,-0.8836405,-0.026394216,12.93494,-1.2304233
t198,-0.27311343,2.4478981,3.5144305,-0.2025928,-0.35215455,-0.9572021,-0.042384695,10.430536,7.722394,8.4636,0.25454432,9.724233,4.9580216,-0.0684414,1.1820219,-0.16108781,-0.19427286,-0.42795926,-0.053606667,11.844118,-0.9517851
t199,-0.053269938,5.1824393,8.077029,-0.11056741,-0.34725034,-0.10559708,-0.021073224,3.5278847,4.358696,5.343422,-0.054361988,11.219653,3.8028464,-0.032445304,11.672037,-0.044987112,-0.0808869,-0.8284294,0.49109057,11.44102,-0.46070066
t200,-0.054821994,5.1628914,8.040319,-0.1117452,-0.3866377,-0.116901286,-0.019955875,3.5843115,4.2589135,5.2355304,-0.05504646,11.121454,3.7691472,-0.03463414,11.573479,-0.04373242,-0.082366034,-0.85145825,0.48089197,11.364502,-0.4345619
t201,-0.27307278,2.4506524,3.51956,-0.2022947,-0.35146362,-0.9574747,-0.042174958,10.43424,7.7266994,8.456407,0.25775224,9.729526,4.950694,-0.0678474,1.1902992,-0.16094886,-0.19399406,-0.42621267,-0.05362016,11.841472,-0.949155
t202,-0.27268034,2.4586458,3.523896,-0.20254874,-0.3516497,-0.957688,-0.042450808,10.42513,7.7256184,8.459845,0.24599567,9.724419,4.95752,-0.06818558,1.1941396,-0.1609273,-0.19420895,-0.42682338,-0.053664625,11.847651,-0.9509771
t203,-0.03698006,0.04918513,0.0042406335,-0.26241434,-0.56493604,12.146817,-0.10282757,6.7491126,-0.8044947,-1.8976278,16.370468,-1.0119492,5.0083857,-0.52024084,7.9377193,-0.05405941,12.040745,-1.8397528,9.325247,-1.4869318,14.557181
t204,-0.037059113,0.049190883,0.004239411,-0.26250228,-0.56542844,12.148889,-0.10283565,6.750413,-0.8043718,-1.8982507,16.372818,-1.0122316,5.008445,-0.52030414,7.9378715,-0.053997256,12.039557,-1.8398384,9.32716,-1.4868447,14.559543
t205,-0.034202132,0.05329748,0.0045993403,-0.23312628,-0.123381995,11.593168,-0.09823398,6.5328975,-0.6627583,-1.6727726,16.276289,-0.99936,4.0382833,-0.5152755,8.512468,-0.06587834,12.719914,-1.5399785,9.154404,-1.5279101,14.240189
t206,-0.03421726,0.05330408,0.0045997873,-0.23313457,-0.123480104,11.59328,-0.098234616,6.53257,-0.66263103,-1.672765,16.275782,-0.9994038,4.038457,-0.5152653,8.511992,-0.065879755,12.719982,-1.5400493,9.154734,-1.5278248,14.239453
t207,-0.021933284,0.047800407,0.0041674306,-0.2276934,-0.15782501,10.575049,-0.08759589,6.2987714,-0.74159396,-1.4950889,15.452425,-0.97419584,3.4328418,-0.5122931,8.102381,-0.063094504,11.888797,-1.3637589,8.633262,-1.4720273,13.953347
t208,-0.021927372,0.04780522,0.0041678827,-0.22770621,-0.15799764,10.575093,-0.08760267,6.299114,-0.741632,-1.4949889,15.452697,-0.9741853,3.433181,-0.51230437,8.102301,-0.063102335,11.889194,-1.363848,8.633478,-1.4719974,13.952946
t209,-0.2937745,0.15876187,5.330263,-0.09171873,-1.2173426,5.0104456,2.76154,0.0866186,-0.37758252,24.413227,5.371093,-0.2795851,0.7916992,-0.66855454,-0.04153843,-0.27563977,19.72182,-0.3823509,17.601727,6.591521,-0.7473837
t210,-0.29380235,0.15876558,5.3300095,-0.09172166,-1.2174392,5.010731,2.7614772,0.08661895,-0.3775115,24.413675,5.3713646,-0.2795629,0.79192525,-0.6685558,-0.041544523,-0.27563444,19.721914,-0.382434,17.601925,6.5917873,-0.7474541
