,0,1,2,3,4,5,6,7,8,9,10,11,12,13,14,15,16,17,18
t1,3.4391885,10.073592,7.4850698,1.2884881,6.4397197,2.6807127,3.9434342,6.1623507,1.8442299,7.5611663,7.608499,3.488214,4.787529,6.534604,1.1275331,5.757847,4.3736105,2.628079,4.395792
t6,3.469659,10.010147,7.4415426,1.3144554,6.3713503,2.700364,4.026462,6.1138897,1.8077509,7.514844,7.616809,3.5071435,4.807286,6.472309,1.1871482,5.7233405,4.4049807,2.6073585,4.429466
t15,3.2906005,9.660821,7.4032326,2.6791248,5.310881,3.8022883,5.454389,5.354633,2.3710825,7.1442094,7.206166,2.63186,3.6847804,4.670507,3.0092487,6.1828847,4.8676887,2.1703122,4.4910088
t20,3.2545424,9.6618185,7.3931637,2.772817,5.2230873,3.8307753,5.543996,5.28293,2.445755,7.1643677,7.2211013,2.5884454,3.623988,4.5696225,3.1269562,6.245381,4.9064302,2.1268296,4.515702
t175,3.0530782,9.803738,7.3594956,2.8976245,4.9677925,3.7903647,5.632275,5.098538,2.738581,7.22833,7.2245116,2.4710445,3.5257661,4.3597,3.4560287,6.2800345,5.114183,2.1387572,4.522329
t176,3.0783663,9.7980995,7.3785353,2.8483763,4.952021,3.7481005,5.601973,5.085108,2.7015862,7.2225256,7.201942,2.4436846,3.5603595,4.416872,3.4044566,6.245828,5.083019,2.1679943,4.5419035
t166,3.0657697,9.82782,7.3692555,2.7966375,4.96008,3.789334,5.618121,5.1097713,2.7108014,7.140807,7.0974693,2.4130259,3.587613,4.405725,3.4314444,6.1372523,5.157382,2.275456,4.4706116
t167,3.0648355,9.799148,7.3619447,2.8243558,4.894686,3.7372026,5.5791073,5.0366664,2.719118,7.218023,7.1789737,2.4239845,3.5490432,4.4030104,3.417039,6.2239323,5.093796,2.196418,4.5476274
t168,3.1147625,9.7213335,7.326154,2.7682483,4.8586264,3.7090006,5.51895,4.990374,2.6583893,7.2184706,7.1462827,2.4102213,3.54158,4.4249363,3.3501506,6.19444,5.024411,2.2245753,4.603874
t50,3.1558115,9.748504,7.4180036,2.884456,5.1078644,3.771843,5.6113663,5.20275,2.5977273,7.251382,7.2954555,2.5166464,3.6016576,4.484149,3.2944086,6.335398,4.9781566,2.0536149,4.5602784
t188,3.0545816,9.843533,7.431373,2.9432933,4.963784,3.6967678,5.6145782,5.0879536,2.7412488,7.324299,7.3406787,2.450403,3.5606198,4.41131,3.4409735,6.379373,5.069156,2.0225556,4.5980926
t189,3.0858204,9.872877,7.474418,2.9018817,4.9935637,3.7008095,5.602904,5.1275787,2.6943889,7.2779174,7.295406,2.415108,3.6258721,4.471365,3.3932972,6.323046,5.0683455,2.059327,4.5531716
t89,3.0817976,9.810953,7.4164906,2.993196,5.055263,3.7781653,5.6485705,5.178585,2.7040334,7.32047,7.393232,2.5193057,3.5575318,4.424515,3.3980072,6.4457464,5.0332413,1.9640995,4.544604
t142,3.0035398,9.8312025,7.356956,3.0182495,4.9929447,3.8107216,5.68826,5.115012,2.812418,7.3024306,7.3325343,2.5153239,3.478268,4.314996,3.5127532,6.4076014,5.137528,2.019833,4.5308814
t143,3.083336,9.7520895,7.368534,2.956527,5.01596,3.7494597,5.6320257,5.1151757,2.7035751,7.3233724,7.359906,2.5292728,3.514934,4.399483,3.3975825,6.4159546,5.026142,2.0034149,4.610813
t30,3.1925726,9.68728,7.362256,2.8273673,5.1321454,3.8290536,5.5795465,5.203939,2.534843,7.2010617,7.243262,2.5687854,3.5632443,4.4954247,3.2239523,6.290198,4.9581866,2.1129184,4.5239916
t31,3.257216,9.6600485,7.3852673,2.7760084,5.226962,3.8491025,5.541194,5.282166,2.4381993,7.160433,7.220328,2.6000183,3.6152055,4.565248,3.1236613,6.246096,4.910086,2.1275704,4.50074
t24,3.2467003,9.6784115,7.36314,2.8340492,5.2443304,3.9030359,5.5359645,5.2795334,2.4336329,7.1961975,7.2797055,2.654343,3.5835018,4.5449905,3.1272,6.305758,4.923163,2.0764835,4.452262
t59,-2.7042036,-0.09179931,3.6818762,-0.14912188,3.007525,4.664279,6.5908184,5.542713,1.8725739,8.7802305,6.5506897,4.042775,5.6445017,7.1502457,2.3122542,6.590151,5.364765,3.5218668,6.016486
t70,-2.6451771,-0.029259693,3.7287078,-0.1431132,2.9351406,4.619089,6.5261703,5.595638,1.8282324,8.723259,6.615655,4.032988,5.6989923,7.134055,2.3051467,6.531966,5.4097204,3.5702598,6.072296
t91,-2.689055,-0.07247603,3.7034004,-0.14711557,2.9798238,4.595244,6.5689993,5.5630846,1.8635992,8.765666,6.57202,4.06081,5.6576524,7.120688,2.300509,6.547791,5.4429708,3.5961857,6.0820665
t115,-2.6205652,-0.003126702,3.7372594,-0.12645423,2.905243,4.620316,6.4990196,5.608475,1.8150582,8.697835,6.6419907,4.0153046,5.720864,7.1478453,2.2955441,6.52738,5.410666,3.576465,6.091774
t116,-2.6906576,-0.04924005,3.6832626,-0.083824955,2.975219,4.5956125,6.567057,5.5507894,1.8767956,8.75961,6.573353,4.030115,5.6544995,7.1771183,2.2563798,6.561316,5.466588,3.6269693,6.136735
t40,-2.6651385,-0.030179182,3.682205,-0.101194054,3.0276945,4.7703557,6.5737042,5.540267,1.8925576,8.743112,6.582854,4.0279727,5.620224,7.1748796,2.282186,6.6642866,5.249178,3.4045086,5.895384
t19,-2.6466327,-0.008640572,3.6805615,-0.0897259,3.059489,4.838016,6.577829,5.532852,1.9086645,8.737422,6.584746,4.020335,5.5979896,7.1894736,2.280751,6.712065,5.17374,3.3282795,5.818891
t7,3.4131944,9.971253,7.4547086,1.271831,6.357016,2.6953788,4.0420547,6.1398954,1.7908971,7.542502,7.6380773,3.5024834,4.780614,6.5175347,1.1562343,5.730319,4.380893,2.627564,4.4009175
t37,-2.719933,-0.10452569,3.5879164,-0.097902805,3.0718858,5.065188,6.6813064,5.4578958,1.9107454,8.806859,6.510111,4.010194,5.607106,7.2793574,2.317586,6.858746,4.9884453,3.1378527,5.624656
t38,-2.7100754,-0.07849279,3.586661,-0.040875804,3.113048,5.0549545,6.6467767,5.4468594,1.9523113,8.765529,6.5514617,3.9948125,5.542303,7.2430596,2.278244,6.8852787,4.922503,3.0664132,5.56084
t28,-2.9124997,-0.20599894,3.3740454,-0.019892793,2.922222,5.1304746,6.70004,5.277732,1.8026851,8.839292,6.514863,4.0094204,5.517414,7.391022,2.28941,6.9135447,4.7864385,2.9550183,5.3687067
t29,-2.7084827,-0.11394283,3.5965025,-0.08221029,3.1196935,5.0954156,6.6957307,5.462264,1.9386986,8.806338,6.5096736,3.9954293,5.5919013,7.270475,2.3135645,6.8976583,4.968469,3.112267,5.607712
t169,0.07531802,0.69999653,6.177059,-0.6577065,5.59076,6.024363,6.297065,7.8258286,2.9107144,7.838598,7.0921836,3.9765854,6.861019,5.045445,2.1441069,7.2571964,5.3937316,3.787679,7.361745
t170,0.044625618,0.8618488,6.299938,-0.58303964,5.740445,5.9775677,6.3066235,7.8413506,2.9387634,7.959365,7.1922584,3.9620786,6.857642,4.9380674,2.247642,7.3454733,5.5270305,3.6649714,7.346216
t119,0.108855985,0.74290043,6.198254,-0.6668861,5.639802,5.960275,6.277899,7.854225,2.8758998,7.9398737,7.203893,3.9197638,6.806536,5.027299,2.2564332,7.2725286,5.432209,3.6761289,7.439652
t92,0.01294199,0.7010714,6.154046,-0.64125985,5.5825872,5.99815,6.375642,7.817983,2.8997722,7.929725,7.1370535,3.9453948,6.8265004,5.0751085,2.2069833,7.250847,5.4639997,3.6986496,7.374874
t78,0.050771937,0.76217824,6.218789,-0.58106476,5.634307,6.0140524,6.3182282,7.8337407,2.9461505,7.922617,7.179407,3.9440603,6.8868613,5.0261993,2.237098,7.28464,5.4009447,3.703745,7.3838263
t99,0.037116293,0.70649517,6.157736,-0.6808869,5.584745,5.9413323,6.328789,7.808122,2.877441,8.0183325,7.219321,3.9736788,6.7763247,5.0659714,2.2578974,7.252185,5.4288383,3.6756625,7.3911138
t120,0.0141365845,0.74718684,6.212796,-0.5910836,5.6156697,5.9930363,6.3361483,7.845232,2.9976208,8.021616,7.2507644,3.9758785,6.884753,5.047218,2.3040602,7.243233,5.4442887,3.6349037,7.349317
t121,0.03825897,0.7953317,6.2404246,-0.6006323,5.663222,5.984396,6.3159013,7.842012,2.9478545,7.9903297,7.2307363,3.9543424,6.868291,5.005359,2.2803776,7.2891245,5.4577084,3.6500118,7.3634334
t77,-0.0749168,0.70389664,6.1789055,-0.6288752,5.581554,6.021648,6.3976364,7.7650247,2.9846299,7.927691,7.0905323,4.0849557,6.8648105,5.052699,2.151306,7.250813,5.5290394,3.7678723,7.2069974
t82,-0.17645366,0.64541775,6.1140184,-0.62803495,5.5077195,6.0443745,6.466449,7.6922936,3.0122883,7.933099,7.0172715,4.1579785,6.8650103,5.110732,2.092359,7.23024,5.5685787,3.8118548,7.096877
t164,-0.059572082,0.6966214,6.17202,-0.6479992,5.5766177,6.0084224,6.3865886,7.770152,2.9652972,7.940699,7.1015997,4.075024,6.8453736,5.057307,2.1569219,7.2467456,5.515439,3.7604547,7.2188473
t165,-0.078027375,0.6982105,6.179295,-0.6214619,5.574411,6.044629,6.4021993,7.75452,2.9893332,7.904295,7.066,4.087819,6.8769674,5.0507445,2.1217291,7.2635636,5.520805,3.7967072,7.196628
t131,-0.096815296,0.70897186,6.1911654,-0.5992534,5.583307,6.0567174,6.4169226,7.742778,3.0148814,7.8933825,7.0555015,4.113128,6.8957367,5.0407853,2.113602,7.2701406,5.554917,3.8047936,7.1762285
t65,-2.6609967,-0.11671672,3.6459875,-0.03780234,3.1739705,5.3681045,6.8622036,5.536867,1.866924,8.81457,6.4746847,4.0367274,5.6347117,7.280479,2.2909942,7.037036,4.8260927,2.9910026,5.494561
t66,-2.7341332,-0.14178893,3.5636535,-0.06823456,3.116876,5.2554145,6.7940903,5.448292,1.8992248,8.839901,6.4674788,3.9898098,5.611551,7.3339357,2.325596,6.9805417,4.8657427,3.029412,5.510415
t67,-0.034688763,0.744653,6.1996336,-0.6322605,5.622023,5.959829,6.3621387,7.82163,2.96523,8.005883,7.203399,4.0274687,6.841876,5.04357,2.270083,7.2307715,5.507851,3.6585767,7.2879615
t27,-2.6695127,-0.02635602,3.6259537,-0.024133585,3.1449857,5.0138407,6.5907288,5.4753957,1.9926643,8.723583,6.592721,3.9760897,5.501279,7.2119646,2.2596123,6.8611875,4.9105077,3.0474424,5.551682
t181,-3.177268,-0.53661126,3.0672472,-0.09799682,2.8762548,5.3030543,7.0695004,5.0043564,1.843486,9.237128,6.158542,3.775366,5.6910825,7.8417954,2.5192363,7.037566,4.573092,2.813126,5.1224227
t182,-3.1207259,-0.5060533,3.128158,-0.14230078,2.8429415,5.2608485,7.0387025,5.0636797,1.8533655,9.257473,6.134364,3.7257264,5.661322,7.8452687,2.5593224,7.013006,4.553203,2.8235161,5.086389
t85,-3.001215,-0.3854291,3.2726562,-0.1292079,2.8513935,5.222799,6.9363537,5.2100887,1.8505706,9.098572,6.250597,3.8014219,5.5920744,7.6613226,2.5085795,6.9977164,4.544785,2.8638446,5.087524
t180,-3.0682356,-0.46299183,3.1981602,-0.1542661,2.8200173,5.2413273,7.006195,5.1441813,1.837751,9.214737,6.1580987,3.7303433,5.6189504,7.7928047,2.5697036,7.014683,4.4933157,2.8219368,5.0118904
t185,-3.063448,-0.4599184,3.1964872,-0.13976039,2.8146703,5.247228,6.998578,5.135949,1.8512589,9.175088,6.182216,3.7628448,5.6218224,7.7540765,2.5549242,7.015692,4.5090065,2.8249636,5.0312114
t186,-3.085825,-0.446753,3.209904,-0.13776793,2.8420048,5.2478404,7.0056343,5.1767454,1.7885468,9.193171,6.182085,3.7397604,5.6001697,7.767807,2.559903,7.0333104,4.430504,2.818433,4.9084444
t36,-3.1427965,-0.52328,3.0868862,-0.114484765,2.8083415,5.3050365,7.0424657,5.0146265,1.8511035,9.280152,6.1216664,3.719329,5.6445646,7.889993,2.5407608,7.0452566,4.491548,2.7584486,5.035812
t198,-3.3320332,-0.4740602,2.9353323,0.20713738,2.7413263,5.6472077,6.926583,4.892208,1.5380875,8.915018,6.394449,4.135153,5.4602323,7.6022906,2.216253,7.337345,4.3136024,2.500784,4.8896394
t199,-3.2930045,-0.4995629,2.881874,0.11942546,2.7066107,5.565968,7.0172772,4.847209,1.5974729,8.873202,6.424795,4.207015,5.4613924,7.5089736,2.118505,7.2686725,4.2857623,2.5254378,4.969171
t117,-3.297721,-0.5221743,2.863714,0.10491348,2.6924994,5.559553,7.0225425,4.8426814,1.6025004,8.887033,6.432661,4.1899967,5.4621835,7.498262,2.1206727,7.270803,4.2906957,2.5329072,4.979828
t113,-3.2018385,-0.40806353,3.0269184,0.11849309,2.768166,5.513554,6.911753,4.9851394,1.6337076,8.823913,6.484219,4.176574,5.45923,7.4347644,2.131567,7.2168984,4.433001,2.6290705,5.0625095
t114,-3.2127473,-0.40338582,3.0200438,0.19033203,2.779659,5.580596,6.8988295,4.9601965,1.5923508,8.848928,6.4538684,4.188306,5.401399,7.5106115,2.1628983,7.310253,4.3354664,2.5281298,4.953305
t111,-3.2418826,-0.46472085,3.0233402,0.095519446,2.7694466,5.5221424,6.9387755,4.978786,1.6287944,8.984744,6.3721404,4.0253067,5.502804,7.616114,2.3078027,7.2380805,4.438849,2.622188,4.965084
t112,-3.2990723,-0.5131076,2.9680934,0.110027954,2.7389605,5.5371585,6.966365,4.9306264,1.6105728,8.968256,6.3617535,4.034931,5.564367,7.5930037,2.3080082,7.229886,4.440643,2.624086,4.948273
t187,-3.425976,-0.44654906,2.9525402,0.15572697,2.7552292,5.6826615,6.9371467,4.8536572,1.4870192,8.984451,6.3147626,4.138094,5.4658422,7.6910806,2.2401576,7.3577266,4.309543,2.488284,4.866874
t190,-3.423241,-0.49863443,2.898129,0.106590495,2.7086406,5.6580954,6.9979444,4.8217535,1.521176,9.021949,6.3460107,4.1173906,5.449456,7.694219,2.2007406,7.323594,4.3062863,2.5023937,4.875125
t191,-3.3911178,-0.46344158,2.9675038,0.13749738,2.7423546,5.6291313,6.9352145,4.913304,1.5365388,8.978811,6.34749,4.077177,5.5024347,7.6556845,2.2602022,7.291924,4.3724475,2.5537841,4.9120626
t157,-3.3732657,-0.4697812,2.9110467,0.18920814,2.7760007,5.6531606,6.9859495,4.8173122,1.5147761,8.94124,6.2653904,4.1858115,5.514021,7.6573305,2.2189531,7.358396,4.2721934,2.4538114,4.8528576
t80,-3.125637,-0.3398889,3.11642,0.26501423,2.7392,5.7706027,6.758312,5.0244474,1.4858769,8.9033165,6.625339,4.1491323,5.04012,7.5924287,2.200143,7.63095,4.315789,2.3480868,4.728225
t97,-3.02281,-0.27333215,3.219708,0.17811725,2.830842,5.573756,6.738916,5.132159,1.6102858,8.825979,6.5974216,4.1417255,5.219164,7.467682,2.1987689,7.3843384,4.4833865,2.5583181,4.9794183
t98,-3.1258397,-0.31765124,3.1277149,0.28469047,2.7463577,5.793945,6.738059,5.035384,1.4616522,8.883118,6.6353827,4.1728535,5.022306,7.594446,2.200643,7.651292,4.2995467,2.3256965,4.7084236
t81,-3.0757775,-0.3196464,3.149401,0.24457763,2.7644303,5.7109656,6.7458177,5.062278,1.5303066,8.864248,6.62923,4.1568727,5.096644,7.5274425,2.1794176,7.552875,4.3750277,2.411163,4.810618
t137,-3.1600542,-0.32936257,3.103043,0.27398005,2.7682343,5.771789,6.752403,5.0095987,1.4310294,8.895498,6.605234,4.200047,5.0447507,7.6197386,2.2199001,7.629559,4.2784133,2.3509357,4.738957
t140,-3.1683505,-0.38402036,3.0601866,0.28822818,2.6927857,5.830407,6.765831,4.964106,1.4764389,8.944868,6.687824,4.104346,4.9171286,7.6213226,2.183013,7.7509193,4.304877,2.2888284,4.643241
t151,-3.102507,-0.3041134,3.1404083,0.32466012,2.7282515,5.8393145,6.7056904,5.0453687,1.4569641,8.872104,6.6935806,4.1677065,4.955666,7.5687146,2.1752706,7.711127,4.2786164,2.2776515,4.6609945
t152,-3.1198676,-0.29368064,3.1383185,0.3395777,2.7437854,5.8527403,6.691713,5.0428762,1.4290432,8.864597,6.6934886,4.1886315,4.949045,7.581545,2.1855826,7.720623,4.2655873,2.268653,4.6511297
t39,-2.8998172,-0.23111628,3.3823342,-0.10710928,2.9720013,5.1867404,6.8192735,5.2759867,1.9182723,8.903353,6.425057,3.936684,5.6204057,7.447785,2.3822415,6.9281983,4.836572,3.0382123,5.461177
t74,-3.0915856,-0.4776593,3.178888,-0.20243876,2.9352033,5.136252,7.037854,5.1190996,1.8905252,9.192293,6.179147,3.7274437,5.726054,7.7509174,2.5848646,6.902068,4.7011943,2.9766028,5.2159357
t75,-3.0946078,-0.4563985,3.1825545,-0.17346847,2.8956828,5.1617765,6.984384,5.0899277,1.8662952,9.128208,6.2182913,3.7962534,5.714612,7.6876073,2.5295155,6.9243655,4.7341447,2.980505,5.304577
t122,-2.985938,-0.33041167,3.2974567,-0.15474208,2.9854195,5.1343994,6.887906,5.20257,1.8959013,9.038736,6.3183937,3.84062,5.6797504,7.5851393,2.4585567,6.882305,4.848579,3.0441377,5.418359
t123,-3.0199387,-0.39245915,3.260052,-0.20642722,3.0430486,5.1113787,6.976029,5.192648,1.8995284,9.189084,6.220051,3.7282643,5.7224345,7.7326326,2.5357447,6.862116,4.8272443,3.0406592,5.3450465
t63,-3.0575182,-0.40565228,3.2239313,-0.16488151,2.959584,5.160293,6.937453,5.1264567,1.8590792,9.131956,6.244618,3.802794,5.7088485,7.6879897,2.4886537,6.9031453,4.8128624,3.0092268,5.375863
t64,-3.0699506,-0.4201796,3.2158728,-0.19907987,2.9677353,5.1809874,6.9565916,5.128869,1.7908381,9.249901,6.149962,3.718995,5.705057,7.8099637,2.5307622,6.9128275,4.778012,2.9686215,5.3169827
t46,-2.9514961,-0.28421146,3.3380725,-0.111385934,2.979303,5.1241784,6.8117204,5.2323637,1.8724093,8.955043,6.37841,3.8949394,5.639829,7.4984293,2.4024901,6.878758,4.8712597,3.0339413,5.4430537
t4,3.4220238,9.945049,7.4269147,1.2717963,6.319033,2.7007532,4.0816865,6.109694,1.756674,7.513128,7.659624,3.5238872,4.7957797,6.4912353,1.1810523,5.701228,4.3974805,2.6201873,4.4145856
t14,7.141289,8.835327,3.8303993,1.670858,5.440433,2.8741932,6.314048,3.8303416,1.75352,5.7041764,6.683287,5.8847203,8.319078,3.5807512,1.6542928,4.6569586,6.166108,2.807648,6.2943883
t16,7.200122,8.817174,3.808859,1.6694441,5.433777,2.91166,6.370741,3.7885797,1.8004677,5.731556,6.636202,5.930449,8.346043,3.5265715,1.6326566,4.6842346,6.170848,2.7835453,6.3009377
t17,7.1224394,8.803942,3.8270168,1.6777097,5.434193,2.8912833,6.2991223,3.806556,1.7466826,5.701104,6.6962132,5.9085546,8.33461,3.6002436,1.6503234,4.659206,6.1900845,2.8079388,6.3082585
t12,7.0967016,8.778015,3.8418665,1.7038094,5.3705325,2.8569908,6.288653,3.8711207,1.7567385,5.640276,6.7081904,5.8407845,8.291726,3.6269183,1.7195762,4.6730027,6.164562,2.8835275,6.337556
t11,7.0751133,8.837988,3.6750135,1.6589032,5.3954906,2.8939552,6.2651763,3.7427323,1.7115874,5.65053,6.7220383,5.9674983,8.389307,3.6302948,1.6965268,4.5803413,6.2708826,2.8182995,6.3524957
t41,7.2584004,8.7842245,3.0769315,1.4057055,5.46621,3.1040251,6.4147005,3.3618348,1.7856134,5.695675,6.579649,6.384121,8.371451,3.5205238,1.5418763,4.2811728,6.737908,2.6711073,6.2455726
t68,7.3859477,8.755346,2.7214139,1.1937418,5.4023166,3.2318652,6.595497,3.1315956,1.9023342,5.681224,6.474969,6.596779,8.381373,3.4176588,1.5073264,4.057959,7.065972,2.6121087,6.2101665
t95,7.4426126,8.689784,2.5929797,1.0790687,5.3932433,3.2924004,6.649807,3.0241294,1.9091842,5.74545,6.433747,6.7057323,8.358756,3.4260828,1.4487855,3.9812565,7.1690354,2.6314747,6.192152
t109,7.4126534,8.731589,2.7212603,1.1710472,5.4167123,3.2610781,6.576588,3.1184921,1.8770788,5.7015853,6.449385,6.622078,8.355431,3.426491,1.4800179,4.036993,7.0626965,2.6042774,6.188961
t110,7.442759,8.651662,2.513457,1.0241197,5.339652,3.3123083,6.7031813,2.941478,1.9517874,5.792761,6.4441223,6.7733455,8.384332,3.4262445,1.4580319,3.948421,7.2381415,2.6336985,6.1830025
t149,7.528643,8.623309,2.4708908,0.9473156,5.330482,3.3608968,6.7376704,2.9484477,1.917736,5.75603,6.389775,6.7351193,8.436971,3.4492235,1.3598272,3.8934155,7.201768,2.6997833,6.2082033
t150,7.556755,8.621317,2.4821157,0.95756376,5.330265,3.393474,6.73697,2.9713962,1.8960315,5.716326,6.3421783,6.7135606,8.443079,3.4151025,1.3280383,3.888969,7.1866517,2.6634133,6.1890774
t69,7.3855157,8.744939,2.852398,1.2493689,5.4487886,3.2282834,6.5028687,3.182635,1.8386067,5.7001667,6.4753346,6.5714455,8.331683,3.457396,1.4835877,4.1037703,6.9692087,2.6174753,6.1952705
t62,7.467992,8.701809,2.4501874,1.0098786,5.375414,3.3589404,6.7115893,3.0416918,1.9122709,5.670106,6.3746834,6.6704917,8.399086,3.3375268,1.44517,3.9069138,7.189615,2.5758455,6.149244
t83,7.3489866,8.755403,2.8693798,1.2832175,5.4485836,3.1881845,6.490026,3.2220044,1.8273612,5.6948485,6.5089116,6.5247064,8.364914,3.4718323,1.5043839,4.1380234,6.921883,2.6357272,6.217495
t84,7.3658915,8.705726,2.9343007,1.2880833,5.477769,3.2135472,6.4418535,3.222259,1.7725297,5.728343,6.4887385,6.544219,8.326642,3.5130272,1.4641984,4.1525354,6.8833694,2.651756,6.1964393
t160,7.4733586,8.739919,2.334046,0.9759391,5.331461,3.331551,6.7587447,2.9796345,1.9754715,5.711929,6.39173,6.7237806,8.432082,3.333388,1.5163527,3.8832066,7.257093,2.5486343,6.155979
t161,7.5337515,8.766124,2.2920613,0.94525844,5.322211,3.3556387,6.770337,3.028677,1.9975855,5.6807323,6.3710847,6.667703,8.482702,3.318897,1.4395843,3.877714,7.231127,2.5592515,6.175271
t57,7.4503193,8.751428,2.0095463,0.97630155,5.2944264,3.3268518,6.762821,2.8811855,2.1208103,5.7747965,6.4585447,6.822093,8.454829,3.34148,1.5706468,3.9336073,7.4206433,2.6355588,6.1439376
t96,7.490866,8.694135,2.014391,0.99930304,5.24623,3.3647878,6.7389297,2.8658872,2.1141589,5.844757,6.4489303,6.879811,8.410163,3.4052212,1.5111876,3.9854,7.427107,2.6841793,6.121098
t177,7.434602,8.729964,2.0559266,0.95877326,5.2770405,3.3357148,6.7936544,2.8041232,2.063253,5.7638545,6.4232683,6.8596873,8.465744,3.3288383,1.5866456,3.9972625,7.5410695,2.670671,6.096809
t183,7.4595056,8.724689,2.1013594,0.998474,5.2928524,3.3360877,6.7394624,2.8743665,2.1040964,5.811927,6.4631577,6.8455415,8.424219,3.3822243,1.5168179,3.9879,7.424921,2.6804368,6.1448503
t184,7.486291,8.743657,2.0775797,1.006351,5.311564,3.3635852,6.709786,2.9110355,2.082815,5.767986,6.4300027,6.813194,8.423446,3.343771,1.5216959,3.9630141,7.436188,2.6573381,6.1163683
t42,7.291163,8.785644,2.8340998,1.3300154,5.4339066,3.1275523,6.477927,3.2673237,1.8415774,5.6903043,6.5659866,6.471939,8.424618,3.4905944,1.5657281,4.1854053,6.8826823,2.6676297,6.2548304
t86,7.477509,8.746825,1.7518053,0.8913008,5.2589326,3.3502111,6.826413,2.8920355,2.1273234,5.69048,6.391831,6.778049,8.520542,3.2614853,1.6700059,3.7640288,7.402005,2.5315347,6.1064057
t87,7.5027814,8.81593,1.7158351,0.96297914,5.253499,3.3583395,6.773006,2.8908083,2.1900706,5.752972,6.4388466,6.8244705,8.521087,3.3148346,1.616775,3.8386722,7.361496,2.5965357,6.1255736
t32,7.1791496,8.824607,3.2788703,1.5214992,5.452305,3.0101235,6.3650775,3.5249362,1.7579366,5.6820235,6.6482496,6.2084684,8.409692,3.5579488,1.599869,4.431588,6.525686,2.7220187,6.2851005
t101,7.4831414,8.73322,1.7147121,0.87143594,5.257456,3.3546326,6.8373346,2.8782177,2.128849,5.6912966,6.3952713,6.7772756,8.5358,3.2577364,1.660855,3.7408926,7.406637,2.5345283,6.12288
t107,7.4488645,8.747601,1.6952692,0.8853032,5.287281,3.3233192,6.845664,2.8981214,2.0925562,5.637654,6.3651896,6.7337832,8.524183,3.2267754,1.7119269,3.7074556,7.4237432,2.4880817,6.121091
t108,7.4749465,8.686865,1.6804252,0.8268293,5.251123,3.3727126,6.870442,2.8442402,2.1208653,5.6748457,6.413328,6.7740755,8.562066,3.2237103,1.6676437,3.698218,7.441118,2.530091,6.1364264
t49,7.2029285,8.83297,3.1369445,1.475358,5.451392,3.037509,6.39377,3.4461286,1.7755493,5.673819,6.6252885,6.293619,8.425904,3.5329547,1.5961487,4.3603134,6.639129,2.698785,6.274915
t23,7.4955897,8.745016,1.8226668,0.9117715,5.2598467,3.362925,6.8065453,2.9014523,2.1144512,5.713692,6.40002,6.785509,8.503033,3.2948256,1.6076579,3.8014703,7.3586297,2.5558162,6.11679
t196,6.5584955,9.672756,3.1117969,1.8421049,5.426754,2.5151603,6.4314923,3.9898527,1.6266994,5.7102346,6.9293013,5.735708,8.973415,3.7094421,1.8220359,5.2813625,5.658729,2.6179187,6.1681547
t197,6.507394,9.729253,3.0519567,1.8134571,5.4612126,2.5247324,6.3505783,3.9454567,1.5440909,5.6870084,6.9555597,5.7722793,8.984332,3.7320695,1.7703639,5.3000674,5.5821567,2.5287337,6.10606
t34,7.095658,8.92868,3.3439975,1.6391765,5.425975,2.900209,6.296847,3.7009397,1.7082903,5.607199,6.7420797,6.0192504,8.55319,3.578624,1.6966434,4.5420566,6.2897735,2.8170166,6.354225
t51,6.6707172,9.466052,3.1359,1.7903779,5.444594,2.6627076,6.3271556,3.8875191,1.5901679,5.656369,6.8959804,5.8322587,8.853433,3.714217,1.7695322,5.0675015,5.8122244,2.6421483,6.2288637
t79,6.770435,9.327321,3.197309,1.7769834,5.4381967,2.71758,6.315803,3.8670728,1.6301054,5.6566496,6.842903,5.854651,8.794188,3.6853106,1.7757684,4.9260488,5.9281282,2.692525,6.2694945
t93,6.6294727,9.485171,3.0728667,1.7461338,5.48745,2.6741447,6.2571173,3.8841221,1.5185287,5.659266,6.949463,5.828808,8.895312,3.752815,1.7139642,5.058013,5.7867794,2.5809672,6.179858
t94,6.5218554,9.720201,3.0660524,1.8257469,5.438312,2.5154836,6.3831444,3.946947,1.5723702,5.684148,6.960107,5.771542,8.983847,3.7188954,1.7863538,5.305317,5.6093545,2.5641553,6.1216598
t35,6.852421,9.224448,3.197769,1.7116673,5.456686,2.7976716,6.2864747,3.793776,1.6234993,5.649251,6.8277555,5.9219413,8.728452,3.6806128,1.7255281,4.8131633,6.0348053,2.6978123,6.2926197
t43,6.949776,9.078809,3.2855005,1.6426564,5.4725556,2.8823533,6.2679925,3.7095816,1.6313246,5.678539,6.773443,6.007668,8.615989,3.6829624,1.6676234,4.666005,6.188354,2.7082374,6.30034
t44,7.0053625,9.030559,3.2700686,1.6534288,5.446448,2.8816984,6.2801127,3.7106307,1.6638001,5.6354747,6.7713485,6.0090237,8.615627,3.6352067,1.6928086,4.619241,6.2275195,2.756511,6.3346143
t100,6.5990973,9.529822,3.0647006,1.7805659,5.466214,2.6414874,6.3075833,3.9028137,1.5451334,5.6447053,6.9557185,5.819754,8.900362,3.750752,1.7460778,5.1114464,5.767192,2.598162,6.1911745
t132,6.5032463,9.691806,3.0229201,1.862939,5.367447,2.5173278,6.4364114,3.9120414,1.6226755,5.616733,7.0360146,5.818583,8.978358,3.7185402,1.8056401,5.3309197,5.675761,2.6423275,6.159202
t133,6.512989,9.674443,3.027307,1.7790861,5.442517,2.5772104,6.308316,3.9109757,1.506901,5.6301327,7.014616,5.812239,8.949647,3.724385,1.7281371,5.2665205,5.6495643,2.5586107,6.08987
t105,6.466879,9.758555,3.0220199,1.7940577,5.466471,2.5173433,6.3595614,3.944892,1.5226599,5.640607,6.9631095,5.7999797,8.986151,3.7521226,1.7362125,5.3341966,5.578665,2.5348694,6.076476
t106,6.4568896,9.701564,2.980153,1.7210859,5.5231247,2.5849302,6.2820935,3.9236917,1.4390482,5.577947,6.9622297,5.8433886,8.930373,3.7733283,1.6638808,5.2827573,5.6428604,2.531768,6.035437
t73,6.7473526,9.349172,3.1412892,1.7352858,5.494982,2.7615085,6.2398567,3.8396935,1.5675983,5.6679235,6.866157,5.869993,8.792414,3.7509072,1.729596,4.9330683,5.9109707,2.6372654,6.2837057
t135,6.4140697,9.733186,3.0374258,1.8295251,5.391513,2.5492878,6.3700576,3.885348,1.5726768,5.5838013,7.0572124,5.841088,8.973536,3.742758,1.7241204,5.418069,5.589585,2.6008246,6.09037
t136,6.4729247,9.727268,3.0999458,1.8440304,5.3483076,2.5257182,6.40767,3.836503,1.606256,5.5713453,7.0939746,5.8477635,8.974094,3.6819878,1.7655774,5.434932,5.59491,2.6594152,6.0873747
t33,7.0471773,9.011608,3.295495,1.6921974,5.4171963,2.8446727,6.304838,3.7575397,1.6986818,5.597264,6.7778172,5.9626746,8.62324,3.585767,1.7329496,4.646008,6.191389,2.8075657,6.3518214
t25,7.046077,8.982295,3.3139305,1.6755368,5.423149,2.8760226,6.283844,3.7154965,1.6849866,5.61399,6.7757583,6.0063844,8.596109,3.6169627,1.7088215,4.6091504,6.254115,2.7911441,6.3560395
t8,7.154528,8.755078,3.7633991,1.6608155,5.450246,2.9470425,6.346691,3.7497582,1.7721776,5.7160673,6.677251,5.970219,8.329873,3.574934,1.6020911,4.6581144,6.2266417,2.7783468,6.296341
t26,7.167506,8.780848,3.7694294,1.6734545,5.4133854,2.9361744,6.3450303,3.74485,1.7819682,5.7124457,6.6647296,5.9735255,8.362173,3.5619915,1.6401998,4.6658254,6.214554,2.788722,6.329484
t60,13.214654,-1.3193012,3.5603502,2.690478,4.213642,5.470134,7.6600785,3.652103,6.0560102,4.888391,7.664492,7.278287,2.8954103,5.375375,2.984674,6.5999084,2.6406205,5.2698617,7.01752
t61,13.170546,-1.2764928,3.4835165,2.7318082,4.2749305,5.419506,7.754044,3.6169183,5.945024,4.9457383,7.764876,7.268134,2.944448,5.4872284,3.0385282,6.5930066,2.5613565,5.2638206,6.9772043
t146,13.207051,-1.3560879,3.3986735,2.9322665,4.376904,5.526798,7.626161,3.7353735,6.0077944,4.959108,7.833786,7.338272,2.78278,5.525123,3.1012259,6.8508563,2.6826873,5.1788607,7.175656
t147,13.220285,-1.3487533,3.4470189,2.894515,4.3491545,5.5326104,7.5928135,3.7294514,6.079393,4.9479885,7.772963,7.2846036,2.7806063,5.460029,3.0822554,6.792738,2.635857,5.245548,7.1438956
t173,13.124344,-1.3208613,3.4876485,2.8747106,4.4063525,5.4959726,7.6672187,3.7273912,6.004007,4.910852,7.736435,7.3238783,2.7917728,5.504287,3.046395,6.7650275,2.6610684,5.2290854,7.1428437
t174,13.148615,-1.3023511,3.4124892,2.9331875,4.437147,5.477039,7.5832257,3.7650704,6.0213985,4.9639187,7.8537097,7.3641076,2.7592597,5.488974,3.1019506,6.854331,2.6617804,5.184518,7.141854
t130,13.15698,-1.2886297,3.4086897,2.9625428,4.44416,5.466474,7.555297,3.782839,6.062811,4.9840903,7.852464,7.331224,2.736048,5.471614,3.1223042,6.8535523,2.62205,5.211509,7.119326
t102,13.264811,-1.3400403,3.330694,3.0402071,4.38917,5.525161,7.6431723,3.6662338,6.0144033,5.082084,7.829677,7.2014785,2.8365474,5.571,3.219319,6.834194,2.5716894,5.2722735,7.1433434
t103,13.301399,-1.4054327,3.478869,2.7679958,4.18065,5.565296,7.6730103,3.6450412,6.07075,4.9266405,7.7338595,7.232378,2.877519,5.432746,3.0435348,6.6919713,2.634209,5.2811065,7.106166
t148,13.319617,-1.3857008,3.2952666,3.058941,4.348797,5.5575757,7.684492,3.652621,5.985986,5.0756054,7.8234334,7.1759987,2.8502197,5.6193013,3.218678,6.8368435,2.597334,5.2483296,7.177959
t178,13.353892,-1.4369338,3.3129008,2.993104,4.2983828,5.6247888,7.6592007,3.6494012,6.0634923,5.0542974,7.809378,7.161829,2.841489,5.5721564,3.1848319,6.8617053,2.630015,5.2836165,7.235376
t179,13.244037,-1.3223099,3.2972689,3.0339675,4.398495,5.53765,7.5941973,3.7214253,6.0332527,5.0744886,7.9078016,7.2388134,2.7897308,5.5437093,3.2099564,6.903868,2.5582309,5.2719727,7.1422534
t155,13.30625,-1.3842034,3.3182273,3.054627,4.3624325,5.577493,7.595754,3.7151728,6.0730405,5.0554347,7.81186,7.172658,2.7824485,5.5465136,3.1969583,6.883473,2.5823991,5.294662,7.1967583
t156,13.306287,-1.3801622,3.3455966,3.0898912,4.4047823,5.5593014,7.6372557,3.663002,6.056991,5.0783577,7.7510633,7.138252,2.817475,5.5901985,3.2268836,6.827606,2.5745735,5.3059425,7.2011943
t58,13.2522745,-1.3475047,3.496105,2.7558339,4.2052608,5.5018077,7.6765685,3.6382663,6.0393867,4.944216,7.712807,7.240336,2.9015324,5.4165473,3.0496533,6.650622,2.6250124,5.2663283,7.0504084
t52,13.104468,-1.2293704,3.5701697,2.6675217,4.297611,5.333748,7.6850176,3.655349,5.970912,4.9003186,7.6702023,7.2002544,2.91765,5.352971,2.9908082,6.5125284,2.5517812,5.251601,6.898583
t118,12.621278,-1.3324015,4.6534233,2.4739206,6.7939124,2.6830673,6.984841,3.8995686,4.68087,5.4666076,6.97062,6.804578,2.5287895,3.7283785,3.7921712,4.354531,2.5793297,2.513881,4.309474
t125,12.562678,-1.4142038,4.584143,2.384108,6.816525,2.6505651,7.0507584,3.990754,4.729573,5.4032845,7.048397,6.890626,2.612227,3.7047694,3.8369718,4.364687,2.6322613,2.463218,4.2815747
t194,12.524796,-1.4282771,4.5608025,2.361705,6.774671,2.6905038,7.0760784,4.013094,4.742381,5.3651085,7.06086,6.9041786,2.6248934,3.659551,3.88075,4.396033,2.6802573,2.4211361,4.2359304
t195,12.59619,-1.4172347,4.5425825,2.3505719,6.832375,2.6345005,7.096629,4.02513,4.765434,5.347506,7.0753746,6.912211,2.6313496,3.734757,3.80258,4.404073,2.6973865,2.4858341,4.207393
t128,12.579558,-1.309094,4.650487,2.44467,6.843398,2.6354136,7.003544,3.9293804,4.613718,5.4102325,6.9368277,6.7864757,2.5030313,3.6572895,3.848502,4.2947893,2.6472907,2.4645834,4.24502
t144,12.542794,-1.3596135,4.628037,2.397238,6.8790784,2.5930321,7.006029,3.9776149,4.63433,5.41575,6.978383,6.8306236,2.5474675,3.6414735,3.8714135,4.298372,2.673431,2.5011623,4.299803
t145,12.59166,-1.357404,4.6395807,2.438535,6.837061,2.6366172,6.9954996,3.9354484,4.666725,5.454757,6.986468,6.828524,2.5499125,3.7009487,3.815701,4.3387375,2.6019914,2.5117137,4.305713
t141,12.597711,-1.3692389,4.6253595,2.411148,6.854331,2.6254067,7.0249863,3.9628816,4.677907,5.442843,6.9997363,6.8433905,2.5630918,3.7188714,3.8038943,4.3597326,2.590986,2.504944,4.2697706
t162,13.521175,0.19189018,6.096816,3.449762,8.380001,1.2711196,4.5076714,3.071873,2.2438023,7.407393,5.099515,5.620673,1.2114378,4.5204854,2.6536589,3.0443556,3.873309,2.3002176,2.7014868
t163,13.551281,0.17080441,6.133319,3.4797873,8.375572,1.2753245,4.4771743,3.0420675,2.2353737,7.4167075,5.091091,5.652872,1.2369366,4.4907265,2.6747384,3.038824,3.8438456,2.3432002,2.6918097
t129,13.570194,0.115685284,6.1573796,3.4984422,8.405986,1.2440667,4.469131,3.024717,2.224413,7.358493,5.1491528,5.7052984,1.290614,4.5258265,2.635528,3.0968575,3.7916443,2.3929436,2.7500296
t124,13.557609,0.21644588,6.1728044,3.4860725,8.404988,1.2460037,4.4363585,3.035611,2.1984158,7.454824,5.0525384,5.610635,1.1918583,4.4608026,2.6881273,2.9992707,3.8877964,2.3135822,2.6534965
t153,13.454314,0.1936224,6.136688,3.382649,8.414909,1.2358942,4.472146,3.139255,2.2074578,7.3970575,5.108409,5.6167173,1.2101488,4.5321302,2.5714352,3.0503004,3.8779883,2.2944012,2.7112007
t154,13.537309,0.21803258,6.150584,3.46584,8.399169,1.2519597,4.45551,3.055855,2.211582,7.4455543,5.0617948,5.6046834,1.1881212,4.4794836,2.6689065,3.0082266,3.8926184,2.3015084,2.66263
t76,13.586177,0.1215115,6.154748,3.514316,8.388756,1.2614157,4.4693165,3.0082574,2.22541,7.3768244,5.1308784,5.702396,1.286955,4.500515,2.67308,3.0787754,3.794816,2.3936195,2.7320812
t5,3.4525094,9.979238,7.435851,1.2717379,6.346154,2.6827989,4.0586433,6.1173587,1.7674562,7.5166893,7.6527767,3.537063,4.818949,6.4872108,1.1529167,5.705656,4.405851,2.6154435,4.4063873
t3,3.2674778,10.106109,7.6806498,1.1832216,6.540113,2.6549456,3.7577205,6.3366103,1.8788418,7.7272115,7.7122216,3.363455,4.6264377,6.7182918,1.0143676,5.859325,4.2844186,2.6529129,4.2696643
t9,3.0011969,10.201001,8.035955,1.0317566,6.7608247,2.6173673,3.3410184,6.667601,1.9736704,8.039052,7.8223233,3.146156,4.378272,7.058573,0.8223521,6.0367446,4.1506553,2.6936593,4.09223
t10,3.009633,10.250533,7.988997,0.9938118,6.770727,2.577377,3.4180207,6.6271696,2.0204325,8.008676,7.8686843,3.1307695,4.3717947,7.0111804,0.80554855,6.066055,4.106951,2.693467,4.0601196
t104,2.3578312,10.492009,8.808716,0.62163246,7.1377707,2.512438,2.4668207,7.2508845,2.1914399,8.543389,8.043119,2.636258,3.8138359,7.7594147,0.45627615,6.476338,3.9156637,2.7015393,3.7282646
t158,2.4589896,10.42486,8.727806,0.64078087,7.118452,2.5394428,2.4452925,7.221663,2.1208303,8.525454,8.027621,2.6708853,3.9220872,7.789013,0.38970816,6.465549,3.9394565,2.7993224,3.7087948
t171,2.3903654,10.461544,8.7911415,0.6150288,7.137646,2.5232024,2.427661,7.2535315,2.1615844,8.549832,8.038469,2.6359918,3.8500054,7.799854,0.41106337,6.4856787,3.9253325,2.746784,3.7075145
t172,2.4032793,10.449363,8.785013,0.6114497,7.1359935,2.5320022,2.4116895,7.2591243,2.1538458,8.556427,8.02621,2.6253207,3.8631651,7.816375,0.40652722,6.4931974,3.940254,2.7511175,3.7017443
t134,2.5058813,10.394339,8.650817,0.6991536,7.070558,2.555478,2.5714304,7.1379194,2.1104689,8.455492,7.994985,2.7390778,3.951161,7.6768346,0.46657765,6.4000955,3.9780214,2.755922,3.7789056
t138,2.5152614,10.400665,8.613086,0.66422784,7.0384493,2.613824,2.4276533,7.163498,2.0655737,8.464067,7.933043,2.6334727,4.005897,7.8013496,0.36957678,6.427559,3.9889197,2.8359444,3.7533305
t139,2.4891503,10.433322,8.651617,0.63230556,7.063251,2.5629222,2.435525,7.152341,2.096071,8.457815,7.9956927,2.691213,3.9755785,7.7873096,0.3352644,6.408285,3.906991,2.8588474,3.7653773
t90,2.6081576,10.32869,8.506501,0.7768394,7.051053,2.5504644,2.795061,7.0643644,2.095426,8.394006,7.9929256,2.8210723,4.0415363,7.5109887,0.5215706,6.341186,4.0047574,2.7577875,3.8174293
t192,2.425827,10.464612,8.644966,0.5969466,7.217628,2.384268,2.5463283,7.201587,2.2416036,8.499624,8.239651,2.8102837,3.9481792,7.699427,0.2978053,6.4111276,3.7799182,2.8792658,3.7433999
t193,2.3858607,10.508953,8.607076,0.56478757,7.197739,2.3403518,2.5419214,7.171774,2.2849834,8.45827,8.290734,2.839451,3.9233897,7.676871,0.30386803,6.3749495,3.726121,2.904343,3.784125
t159,2.4447093,10.448458,8.63425,0.6170464,7.2157125,2.381684,2.5931127,7.171785,2.2419388,8.487342,8.245357,2.8450382,3.9708307,7.667053,0.30420998,6.3985777,3.7817187,2.8623621,3.7566326
t53,2.4833148,10.448511,8.568255,0.6546447,7.149772,2.4054887,2.65456,7.106794,2.2215848,8.422098,8.215992,2.8862638,3.9862275,7.5995736,0.37002525,6.346816,3.8013961,2.845169,3.807215
t45,2.7684379,10.261382,8.340356,0.88453954,6.992928,2.6093311,2.9410484,6.9568357,2.0056305,8.308346,7.924002,2.922985,4.187089,7.379619,0.6076268,6.25718,4.064283,2.775478,3.8814793
t47,2.6427834,10.280811,8.465354,0.8187966,7.0562882,2.5601707,2.7890823,7.040544,2.0882866,8.375458,7.9670353,2.863281,4.0836425,7.484421,0.5112744,6.3117356,4.042336,2.769636,3.834185
t48,2.7126637,10.218377,8.397584,0.87792075,7.0775857,2.6133687,2.909038,7.0372696,2.0196054,8.377037,7.8967714,2.8382404,4.1146064,7.388211,0.5398415,6.3307185,4.107337,2.814142,3.8113194
t71,2.5486894,10.466135,8.4887905,0.74681205,6.9909573,2.4937294,2.7388942,6.959769,2.1665134,8.308369,8.138548,2.9573703,3.998874,7.4980006,0.5257381,6.276823,3.8441164,2.739821,3.8950012
t72,2.4585474,10.585068,8.5525255,0.6800129,6.98791,2.4581287,2.6571214,6.969341,2.1978085,8.303498,8.18466,2.941989,3.908425,7.55065,0.5362016,6.2848773,3.7450523,2.7587588,3.9042542
t88,2.4441695,10.555316,8.594243,0.6647287,7.044306,2.4515364,2.613573,7.034999,2.1819453,8.3572235,8.160455,2.8760788,3.900228,7.5984435,0.50495833,6.324649,3.7551866,2.804802,3.874928
t126,2.401244,10.581834,8.612179,0.64058584,7.027693,2.4266438,2.582342,7.016964,2.229348,8.351252,8.2182045,2.9052627,3.8759403,7.6175704,0.49570116,6.3287454,3.7213778,2.7648866,3.8792176
t127,2.4316366,10.659127,8.567874,0.6648647,6.9627705,2.450038,2.6369545,6.947813,2.1971102,8.281687,8.196591,2.950125,3.8707702,7.5515847,0.56615406,6.26811,3.6950817,2.7621105,3.9262948
t56,2.76929,10.240998,8.3484335,0.90399617,6.995267,2.6173368,2.923139,6.9648952,2.0116725,8.316108,7.9067564,2.9214604,4.189464,7.384634,0.61496824,6.2554693,4.0835795,2.7575727,3.883731
t13,2.8853967,10.237766,8.168629,0.96590024,6.8764935,2.602109,3.18311,6.780937,2.0115778,8.148912,7.89257,3.057263,4.2764945,7.178945,0.71355945,6.1456866,4.097316,2.728571,3.9862106
t21,2.7599862,10.313821,8.296752,0.887742,6.927951,2.5570965,3.0407197,6.8661113,2.0790694,8.228935,7.973944,3.0158348,4.1641536,7.2867417,0.6365265,6.191777,4.0077214,2.7271388,3.9483652
t22,2.8929706,10.262749,8.162335,0.9435672,6.8442354,2.5778973,3.2007535,6.792438,2.0373843,8.158433,7.873765,3.0425403,4.2687335,7.1807923,0.74215674,6.116532,4.0748663,2.7047353,4.0167465
t54,2.6893263,10.311862,8.387291,0.8311139,7.0073447,2.5440197,2.937513,6.9665127,2.0955238,8.315771,7.9900107,2.9318237,4.104264,7.3796835,0.5533621,6.2673073,4.0046716,2.7549365,3.8778903
t55,2.7331007,10.316612,8.335691,0.8629016,6.951179,2.55467,3.0076683,6.906826,2.087938,8.263907,7.976076,2.9755225,4.135195,7.3259716,0.6064158,6.220018,4.006632,2.7296877,3.9217563
t18,2.9471169,10.233812,8.094255,0.9890053,6.817017,2.597872,3.2769237,6.723104,2.008368,8.093243,7.8612547,3.0934362,4.3232627,7.1120486,0.77207893,6.092495,4.1096716,2.7056403,4.0366645
t2,3.459544,10.012169,7.505794,1.276662,6.383845,2.6524315,4.0066433,6.146458,1.791549,7.5359473,7.67825,3.5254018,4.8153253,6.495481,1.1143371,5.71873,4.424196,2.5817413,4.3642025
